station_code,province_name(English),city_name(English),longitude,latitude,weather_num,quality_code,,,,,
1001A,beijing,beijing,116.407395,39.904211,1,1,,,,,
1002A,beijing,beijing,116.229777,40.293062,8,0,,,,,
1003A,beijing,beijing,116.417493,39.92437,1,1,,,,,
1004A,beijing,beijing,116.41284,39.883704,1,1,,,,,
1005A,beijing,beijing,116.472491,39.9336828,1,1,,,,,
1006A,beijing,beijing,116.362972,39.932451,1,1,,,,,
1007A,beijing,beijing,116.2922405,39.9777786,1,1,,,,,
1008A,beijing,beijing,116.640971,40.150435,2,0,,,,,
1009A,beijing,beijing,116.640659,40.302103,5,0,,,,,
1010A,beijing,beijing,116.2264,40.224263,8,0,,,,,
1011A,beijing,beijing,116.393778,39.985731,1,1,,,,,
1012A,beijing,beijing,116.190296,39.907434,1,1,,,,,
1013A,tianjin,tianjin,117.159031,39.098402,1987,1,,,,,
1014A,tianjin,tianjin,117.200983,39.084158,1987,1,,,,,
1015A,tianjin,tianjin,117.200983,39.084158,1987,1,,,,,
1016A,tianjin,tianjin,117.2005153,39.1179325,1987,1,,,,,
1017A,tianjin,tianjin,117.209479,39.136253,1987,1,,,,,
1018A,tianjin,tianjin,117.209479,39.136253,1987,1,,,,,
1019A,tianjin,tianjin,117.1090308,39.2708421,1991,0,,,,,
1020A,tianjin,tianjin,117.2769428,39.1386517,1987,1,,,,,
1021A,tianjin,tianjin,117.309707,39.083305,1990,0,,,,,
1023A,tianjin,tianjin,117.200983,39.084158,1987,1,,,,,
1024A,tianjin,tianjin,117.4691148,38.8386109,1984,1,,,,,
1025A,tianjin,tianjin,117.37094,39.16185,1990,1,,,,,
1026A,tianjin,tianjin,117.791259,39.154068,1993,1,,,,,
1027A,tianjin,tianjin,117.250222,38.834352,1994,1,,,,,
1028A,hebei,shijiazhuang,114.51486,38.042307,535,1,,,,,
1029A,hebei,shijiazhuang,114.9662619,38.1795481,535,1,,,,,
1030A,hebei,shijiazhuang,114.368946,38.064789,535,1,,,,,
1031A,hebei,shijiazhuang,114.51486,38.042307,535,1,,,,,
1032A,hebei,shijiazhuang,114.51486,38.042307,535,1,,,,,
1033A,hebei,shijiazhuang,114.5334813,38.0192016,535,1,,,,,
1034A,hebei,shijiazhuang,114.5147972,38.0465196,535,1,,,,,
1035A,hebei,shijiazhuang,114.3525,37.909247,535,1,,,,,
1036A,hebei,tangshan,118.1986631,39.6196456,530,1,,,,,
1037A,hebei,tangshan,118.180194,39.630867,530,1,,,,,
1038A,hebei,tangshan,117.963787,40.169671,530,1,,,,,
1039A,hebei,tangshan,118.2257531,39.6915562,530,1,,,,,
1040A,hebei,tangshan,118.172035,39.651446,530,1,,,,,
1041A,hebei,tangshan,118.064713,40.476105,530,1,,,,,
1042A,hebei,qinhuangdao,119.526978,39.826887,528,1,,,,,
1043A,hebei,qinhuangdao,119.746209,40.005305,528,1,,,,,
1044A,hebei,qinhuangdao,119.2387004,39.8835518,528,1,,,,,
1045A,hebei,qinhuangdao,119.602862,39.935552,528,1,,,,,
1046A,hebei,qinhuangdao,119.600493,39.935385,528,1,,,,,
1047A,hebei,handan,115.1570418,36.29961,525,1,,,,,
1048A,hebei,handan,114.538665,36.61132,525,1,,,,,
1049A,hebei,handan,114.49021,36.596177,525,1,,,,,
1050A,hebei,handan,114.49416,36.616134,525,1,,,,,
1051A,hebei,baoding,115.4851825,38.8562199,531,1,,,,,
1052A,hebei,baoding,115.5221779,38.884196,531,1,,,,,
1053A,hebei,baoding,115.5287887,38.8545226,531,1,,,,,
1054A,hebei,baoding,115.464806,38.873891,531,1,,,,,
1055A,hebei,baoding,115.450392,38.867847,531,1,,,,,
1056A,hebei,baoding,115.326895,38.9621049,531,1,,,,,
1057A,hebei,zhangjiakou,115.061333,40.602992,526,1,,,,,
1058A,hebei,zhangjiakou,114.886335,40.767545,526,1,,,,,
1059A,hebei,zhangjiakou,114.886335,40.767545,526,1,,,,,
1060A,hebei,zhangjiakou,114.893145,40.761749,526,1,,,,,
1061A,hebei,zhangjiakou,114.886335,40.767545,526,1,,,,,
1062A,hebei,chengde,117.9697075,40.9550791,527,1,,,,,
1063A,hebei,chengde,117.933225,40.962387,527,1,,,,,
1064A,hebei,chengde,117.95566,40.921973,527,1,,,,,
1065A,hebei,chengde,117.336813,40.941892,527,1,,,,,
1066A,hebei,chengde,117.96275,40.952942,527,1,,,,,
1067A,hebei,langfang,116.683752,39.538047,529,1,,,,,
1068A,hebei,langfang,116.7896333,39.6096173,529,1,,,,,
1069A,hebei,langfang,116.683752,39.538047,529,1,,,,,
1070A,hebei,langfang,116.739579,39.526987,529,1,,,,,
1071A,hebei,cangzhou,117.007478,38.219856,533,1,,,,,
1072A,hebei,cangzhou,116.838835,38.304477,533,1,,,,,
1073A,hebei,cangzhou,116.7090397,38.0504753,533,1,,,,,
1074A,hebei,hengshui,115.670177,37.73892,534,1,,,,,
1075A,hebei,hengshui,115.53714,38.22857,534,1,,,,,
1076A,hebei,hengshui,115.6628852,37.738101,534,1,,,,,
1077A,hebei,xingtai,114.4870289,37.0831082,524,1,,,,,
1078A,hebei,xingtai,114.504844,37.070589,524,1,,,,,
1079A,hebei,xingtai,114.504844,37.070589,524,1,,,,,
1080A,hebei,xingtai,114.517377,37.2955039,524,1,,,,,
1081A,shanxi,taiyuan,112.486691,37.940387,1618,1,,,,,
1082A,shanxi,taiyuan,111.776427,38.058565,1618,1,,,,,
1083A,shanxi,taiyuan,112.4738476,37.9829991,1618,1,,,,,
1084A,shanxi,taiyuan,112.47794,37.715193,1618,1,,,,,
1085A,shanxi,taiyuan,112.565992,37.736009,1618,1,,,,,
1086A,shanxi,taiyuan,112.582011,37.92397,1618,1,,,,,
1087A,shanxi,taiyuan,112.5849178,37.7997597,1618,1,,,,,
1088A,shanxi,taiyuan,112.540013,37.976791,1618,1,,,,,
1089A,shanxi,taiyuan,112.489762,37.78309,1618,1,,,,,
1090A,neimenggu,huhehaote,111.749181,40.842585,1315,1,,,,,
1091A,neimenggu,huhehaote,111.655748,40.801458,1315,1,,,,,
1092A,neimenggu,huhehaote,111.65844,40.846294,1315,1,,,,,
1093A,neimenggu,huhehaote,111.615373,40.81304,1315,1,,,,,
1094A,neimenggu,huhehaote,111.749181,40.842585,1315,1,,,,,
1095A,neimenggu,huhehaote,111.737001,40.807403,1315,1,,,,,
1096A,neimenggu,huhehaote,111.749181,40.842585,1315,1,,,,,
1097A,neimenggu,huhehaote,111.727051,40.75659,1315,1,,,,,
1098A,liaoning,shenyang,123.541209,41.858868,1128,1,,,,,
1099A,liaoning,shenyang,123.4586623,41.7468268,1128,1,,,,,
1100A,liaoning,shenyang,123.427093,41.766907,1128,1,,,,,
1101A,liaoning,shenyang,123.294025,41.771943,1261,1,,,,,
1102A,liaoning,shenyang,123.543043,41.832615,1261,1,,,,,
1103A,liaoning,shenyang,123.4260338,41.8389545,1261,1,,,,,
1104A,liaoning,shenyang,123.4406575,41.7782539,1261,1,,,,,
1105A,liaoning,shenyang,123.464361,41.793345,1261,1,,,,,
1106A,liaoning,shenyang,123.406023,41.789793,1261,1,,,,,
1107A,liaoning,shenyang,123.431472,41.805699,1261,1,,,,,
1108A,liaoning,shenyang,123.400846,41.83294,1261,1,,,,,
1109A,liaoning,dalian,121.525468,38.952959,1260,1,,,,,
1110A,liaoning,dalian,121.56701,38.966007,1260,1,,,,,
1111A,liaoning,dalian,121.5225755,38.9483124,1260,1,,,,,
1112A,liaoning,dalian,121.6358789,38.9180059,1260,1,,,,,
1113A,liaoning,dalian,121.621197,38.864686,1260,1,,,,,
1114A,liaoning,dalian,121.5182208,38.8475067,1260,1,,,,,
1115A,liaoning,dalian,121.4037787,38.8334835,1260,1,,,,,
1116A,liaoning,dalian,121.73103,39.091545,1260,1,,,,,
1117A,liaoning,dalian,121.835997,39.0687145,1260,1,,,,,
1118A,liaoning,dalian,121.8684764,39.0613959,1260,1,,,,,
1119A,jilin,changchun,125.3004094,43.9550201,1054,1,,,,,
1120A,jilin,changchun,125.29329,43.905923,1054,1,,,,,
1121A,jilin,changchun,125.323544,43.817072,1054,1,,,,,
1122A,jilin,changchun,125.368434,43.875021,1054,1,,,,,
1123A,jilin,changchun,126.5486697,44.8331732,1054,1,,,,,
1124A,jilin,changchun,125.452496,43.800217,1054,1,,,,,
1125A,jilin,changchun,125.505661,43.876551,1054,1,,,,,
1126A,jilin,changchun,125.323544,43.817072,1054,1,,,,,
1127A,jilin,changchun,125.25319,43.82166,1054,1,,,,,
1128A,jilin,changchun,125.223586,43.854636,1054,1,,,,,
1129A,heilongjiang,haerbin,126.534967,45.803775,803,1,,,,,
1130A,heilongjiang,haerbin,126.563969,45.815496,803,1,,,,,
1131A,heilongjiang,haerbin,126.996954,45.551442,803,1,,,,,
1132A,heilongjiang,haerbin,126.609716,45.722684,803,1,,,,,
1133A,heilongjiang,haerbin,126.6946568,45.7885435,803,1,,,,,
1134A,heilongjiang,haerbin,126.642175,45.777693,803,1,,,,,
1135A,heilongjiang,haerbin,126.690507,45.72751,803,1,,,,,
1136A,heilongjiang,haerbin,126.6561826,45.7318774,803,1,,,,,
1137A,heilongjiang,haerbin,126.6007439,45.7485135,803,1,,,,,
1138A,heilongjiang,haerbin,126.534967,45.803775,803,1,,,,,
1139A,heilongjiang,haerbin,126.6130753,45.9816454,803,1,,,,,
1140A,heilongjiang,haerbin,126.618124,45.685921,803,1,,,,,
1141A,shanghai,shanghai,121.395555,31.24984,1812,1,,,,,
1142A,shanghai,shanghai,121.493382,31.261848,1812,1,,,,,
1143A,shanghai,shanghai,121.505133,31.2646,1812,1,,,,,
1144A,shanghai,shanghai,121.414702,31.157269,1812,1,,,,,
1145A,shanghai,shanghai,121.485562,31.2639488,1812,1,,,,,
1146A,shanghai,shanghai,120.9761599,31.1078327,1820,0,,,,,
1147A,shanghai,shanghai,121.429884,31.224204,1812,1,,,,,
1148A,shanghai,shanghai,121.697573,31.19374,1818,1,,,,,
1149A,shanghai,shanghai,121.5383,31.226824,1818,1,,,,,
1150A,shanghai,shanghai,121.6071715,31.2001645,1818,1,,,,,
1151A,jiangsu,nanjing,118.809677,32.102712,1107,1,,,,,
1152A,jiangsu,nanjing,118.757308,32.060868,1107,1,,,,,
1153A,jiangsu,nanjing,118.7708973,32.0668951,1107,1,,,,,
1154A,jiangsu,nanjing,118.778489,32.005843,1107,1,,,,,
1155A,jiangsu,nanjing,118.8102783,32.0321228,1107,1,,,,,
1156A,jiangsu,nanjing,118.804326,32.0668791,1107,1,,,,,
1157A,jiangsu,nanjing,118.627895,32.059093,1107,1,,,,,
1158A,jiangsu,nanjing,118.731558,32.008287,1107,1,,,,,
1159A,jiangsu,nanjing,118.9213292,32.1020488,1107,1,,,,,
1160A,jiangsu,suzhou,120.577984,31.230503,1106,1,,,,,
1161A,jiangsu,suzhou,120.624841,31.289616,1106,1,,,,,
1162A,jiangsu,suzhou,120.5933947,31.3032587,1106,1,,,,,
1163A,jiangsu,suzhou,121.34783,31.691996,1106,1,,,,,
1164A,jiangsu,suzhou,120.631978,31.262791,1106,1,,,,,
1165A,jiangsu,suzhou,120.524237,31.371724,1106,1,,,,,
1166A,jiangsu,suzhou,120.733805,31.332239,1106,1,,,,,
1167A,jiangsu,suzhou,120.642663,31.369088,1106,1,,,,,
1168A,jiangsu,nantong,120.8920166,31.9603694,1103,1,,,,,
1169A,jiangsu,nantong,121.144334,32.304999,1103,1,,,,,
1170A,jiangsu,nantong,121.6031555,32.0572855,1103,1,,,,,
1171A,jiangsu,nantong,120.9399707,31.9248886,1103,1,,,,,
1172A,jiangsu,nantong,120.8076688,32.0403701,1103,1,,,,,
1173A,jiangsu,lianyungang,119.24396,34.296756,1093,1,,,,,
1174A,jiangsu,lianyungang,119.1463078,34.5892016,1093,1,,,,,
1175A,jiangsu,lianyungang,119.221611,34.596653,1093,1,,,,,
1176A,jiangsu,lianyungang,119.221611,34.596653,1093,1,,,,,
1177A,jiangsu,xuzhou,117.1741658,34.2723383,1091,1,,,,,
1178A,jiangsu,xuzhou,117.205311,34.2368732,1091,1,,,,,
1179A,jiangsu,xuzhou,117.169421,34.1807,1091,1,,,,,
1180A,jiangsu,xuzhou,117.2864877,34.2070978,1091,1,,,,,
1181A,jiangsu,xuzhou,117.2505459,34.2884543,1091,1,,,,,
1182A,jiangsu,xuzhou,117.284124,34.205768,1091,1,,,,,
1183A,jiangsu,xuzhou,117.171035,34.179508,1091,1,,,,,
1184A,jiangsu,yangzhou,119.412966,32.39421,1099,1,,,,,
1185A,jiangsu,yangzhou,119.588293,32.409509,1099,1,,,,,
1186A,jiangsu,yangzhou,119.394741,32.37521,1099,1,,,,,
1187A,jiangsu,yangzhou,119.864251,32.952527,1099,1,,,,,
1188A,jiangsu,wuxi,120.371397,31.476907,1105,1,,,,,
1189A,jiangsu,wuxi,120.375558,31.550169,1105,1,,,,,
1190A,jiangsu,wuxi,120.2993749,31.5560483,1105,1,,,,,
1191A,jiangsu,wuxi,120.248022,31.504738,1105,1,,,,,
1192A,jiangsu,wuxi,120.3672624,31.5804914,1105,1,,,,,
1193A,jiangsu,wuxi,120.193516,31.547,1105,1,,,,,
1194A,jiangsu,wuxi,120.31191,31.49117,1105,1,,,,,
1195A,jiangsu,wuxi,120.314926,31.676663,1105,1,,,,,
1196A,jiangsu,changzhou,119.968908,31.841875,1104,1,,,,,
1197A,jiangsu,changzhou,119.974062,31.811226,1104,1,,,,,
1198A,jiangsu,changzhou,119.9637967,31.8065917,1104,1,,,,,
1199A,jiangsu,changzhou,120.0410436,31.7601537,1104,1,,,,,
1200A,jiangsu,changzhou,119.942437,31.701188,1104,1,,,,,
1201A,jiangsu,changzhou,119.9051609,31.9126914,1104,1,,,,,
1202A,jiangsu,zhenjiang,119.435725,32.130734,1102,0,,,,,
1203A,jiangsu,zhenjiang,119.6762529,32.1846415,1102,1,,,,,
1204A,jiangsu,zhenjiang,119.581862,31.978168,1102,1,,,,,
1205A,jiangsu,zhenjiang,119.435725,32.130734,1102,1,,,,,
1206A,jiangsu,taizhou,119.8418229,32.9401594,1100,1,,,,,
1207A,jiangsu,taizhou,119.932685,32.475464,1100,1,,,,,
1208A,jiangsu,taizhou,119.878754,32.319413,1100,1,,,,,
1209A,jiangsu,taizhou,119.923116,32.455778,1100,1,,,,,
1210A,jiangsu,huaian,119.091678,33.576673,1123,1,,,,,
1211A,jiangsu,huaian,119.0119147,33.5672546,1123,1,,,,,
1212A,jiangsu,huaian,119.026541,33.502413,1123,1,,,,,
1213A,jiangsu,huaian,119.015288,33.61036,1123,1,,,,,
1214A,jiangsu,huaian,119.026541,33.502413,1123,1,,,,,
1215A,jiangsu,yancheng,120.163562,33.347383,1097,1,,,,,
1216A,jiangsu,yancheng,120.2531658,33.7786224,1097,1,,,,,
1217A,jiangsu,yancheng,120.135407,33.370299,1097,1,,,,,
1218A,jiangsu,yancheng,120.214846,33.379201,1097,1,,,,,
1219A,jiangsu,suqian,118.6920504,33.7051529,1094,1,,,,,
1220A,jiangsu,suqian,118.301153,33.9294342,1094,1,,,,,
1221A,jiangsu,suqian,118.2946665,33.9497383,1094,1,,,,,
1222A,jiangsu,suqian,118.331013,33.951744,1094,1,,,,,
1223A,zhejiang,hangzhou,120.211816,30.20856,2306,0,,,,,
1224A,zhejiang,hangzhou,120.1444885,30.2798881,2306,1,,,,,
1225A,zhejiang,hangzhou,118.9353968,29.5530941,2323,0,,,,,
1226A,zhejiang,hangzhou,120.348423,30.310012,2306,1,,,,,
1227A,zhejiang,hangzhou,120.15507,30.274085,2306,1,,,,,
1228A,zhejiang,hangzhou,119.878007,30.386217,2306,1,,,,,
1229A,zhejiang,hangzhou,120.160661,30.287117,2306,1,,,,,
1230A,zhejiang,hangzhou,120.124774,30.309674,2306,1,,,,,
1231A,zhejiang,hangzhou,120.304117,30.40628,2306,1,,,,,
1232A,zhejiang,hangzhou,120.2741968,30.1601384,2306,1,,,,,
1233A,zhejiang,hangzhou,120.094491,30.19282,2306,1,,,,,
1234A,zhejiang,ningbo,121.54399,29.868336,2299,1,,,,,
1235A,zhejiang,ningbo,121.536958,29.898707,2299,1,,,,,
1236A,zhejiang,ningbo,121.716928,29.953617,2299,1,,,,,
1237A,zhejiang,ningbo,121.558402,29.887279,2299,1,,,,,
1238A,zhejiang,ningbo,121.147191,30.056588,2299,1,,,,,
1239A,zhejiang,ningbo,121.54399,29.868336,2299,1,,,,,
1240A,zhejiang,ningbo,121.589801,29.860728,2299,1,,,,,
1241A,zhejiang,ningbo,121.686528,29.959697,2299,1,,,,,
1242A,zhejiang,wenzhou,120.612518,27.967367,2303,1,,,,,
1243A,zhejiang,wenzhou,120.6762519,27.9912493,2303,1,,,,,
1244A,zhejiang,wenzhou,120.811233,27.932798,2303,1,,,,,
1245A,zhejiang,wenzhou,120.685056,27.980497,2303,0,,,,,
1246A,zhejiang,shaoxin,120.6505775,30.0690202,2294,1,,,,,
1247A,zhejiang,shaoxin,120.586109,29.995762,2294,1,,,,,
1248A,zhejiang,shaoxin,120.370375,30.32877,2294,0,,,,,
1249A,zhejiang,huzhou,120.086823,30.894348,2292,1,,,,,
1250A,zhejiang,huzhou,120.086823,30.894348,2292,1,,,,,
1251A,zhejiang,huzhou,120.112722,30.863019,2292,1,,,,,
1252A,zhejiang,jiaxing,120.748071,30.775597,2293,1,,,,,
1253A,zhejiang,jiaxing,120.723201,30.739731,2293,1,,,,,
1254A,zhejiang,jiaxing,120.9454515,30.5237356,2293,0,,,,,
1255A,zhejiang,taizhou,121.4367792,28.6485112,NA,2,,,,,
1256A,zhejiang,taizhou,121.420757,28.656386,NA,2,,,,,
1257A,zhejiang,taizhou,121.356989,28.452793,NA,2,,,,,
1258A,zhejiang,zhoushan,122.1297409,30.0169309,NA,2,,,,,
1259A,zhejiang,zhoushan,122.3189248,29.9656444,NA,2,,,,,
1260A,zhejiang,zhoushan,122.195456,29.982622,NA,2,,,,,
1261A,zhejiang,jinhua,119.648556,29.104154,2297,1,,,,,
1262A,zhejiang,jinhua,119.656138,29.074827,2297,1,,,,,
1263A,zhejiang,jinhua,120.0952561,29.3022383,2297,0,,,,,
1264A,zhejiang,quzhou,118.859457,28.97008,2301,0,,,,,
1265A,zhejiang,quzhou,118.876227,28.964357,2301,0,,,,,
1266A,zhejiang,quzhou,118.864687,28.974664,2301,0,,,,,
1267A,zhejiang,lishui,119.922796,28.46763,2302,0,,,,,
1268A,zhejiang,lishui,119.9341564,28.4542282,2302,1,,,,,
1269A,zhejiang,lishui,119.878248,28.411957,2302,1,,,,,
1270A,anhui,hefei,117.22605,31.779339,28,1,,,,,
1271A,anhui,hefei,117.315655,31.868588,28,1,,,,,
1272A,anhui,hefei,117.267457,31.862936,28,1,,,,,
1273A,anhui,hefei,117.1823534,31.8890335,28,1,,,,,
1274A,anhui,hefei,117.28365,31.8617197,28,0,,,,,
1275A,anhui,hefei,117.264595,31.878641,28,0,,,,,
1276A,anhui,hefei,117.309225,31.858056,28,0,,,,,
1277A,anhui,hefei,117.309658,31.793093,28,0,,,,,
1278A,anhui,hefei,117.2620547,31.7207042,28,1,,,,,
1279A,anhui,hefei,117.135534,31.830272,28,1,,,,,
1280A,fujian,fuzhou,119.35302,26.072061,102,1,,,,,
1281A,fujian,fuzhou,119.418539,26.028162,102,1,,,,,
1282A,fujian,fuzhou,119.310025,26.036954,102,1,,,,,
1283A,fujian,fuzhou,119.3081346,26.0869163,102,1,,,,,
1284A,fujian,fuzhou,119.2645253,26.0765318,102,1,,,,,
1285A,fujian,fuzhou,119.325395,26.076882,102,1,,,,,
1286A,fujian,xiamen,118.16052,24.817237,100,1,,,,,
1287A,fujian,xiamen,118.159184,24.476193,100,1,,,,,
1288A,fujian,xiamen,118.0619444,24.4475,100,1,,,,,
1289A,fujian,xiamen,118.146769,24.512905,100,1,,,,,
1290A,jiangxi,nanchang,115.858198,28.682892,1173,1,,,,,
1291A,jiangxi,nanchang,115.858198,28.682892,1173,1,,,,,
1292A,jiangxi,nanchang,115.858198,28.682892,1173,1,,,,,
1293A,jiangxi,nanchang,115.959252,28.672151,1173,1,,,,,
1294A,jiangxi,nanchang,115.858198,28.682892,1173,1,,,,,
1295A,jiangxi,nanchang,115.473448,28.914635,1173,1,,,,,
1296A,jiangxi,nanchang,115.858198,28.682892,1173,1,,,,,
1297A,jiangxi,nanchang,115.9135838,28.7011582,1173,1,,,,,
1298A,jiangxi,nanchang,115.91901,28.654222,1173,1,,,,,
1299A,shandong,jinan,117.12,36.651216,1499,1,,,,,
1301A,shandong,jinan,117.1415046,36.6610806,1499,1,,,,,
1302A,shandong,jinan,117.12,36.651216,1499,1,,,,,
1303A,shandong,jinan,117.12,36.651216,1499,1,,,,,
1304A,shandong,jinan,116.9536013,36.6444969,1499,1,,,,,
1305A,shandong,jinan,117.091288,36.665616,1499,1,,,,,
1306A,shandong,jinan,116.4557627,36.2924803,1541,0,,,,,
1307A,shandong,qingdao,120.671187,36.235831,1493,1,,,,,
1308A,shandong,qingdao,120.475833,36.190469,1493,1,,,,,
1309A,shandong,qingdao,120.168076,36.034095,1493,1,,,,,
1310A,shandong,qingdao,120.412392,36.075651,1493,1,,,,,
1311A,shandong,qingdao,120.382612,36.067117,1493,1,,,,,
1312A,shandong,qingdao,120.412392,36.075651,1493,1,,,,,
1313A,shandong,qingdao,120.445579,36.362714,1563,0,,,,,
1314A,shandong,qingdao,120.168337,35.932348,1493,1,,,,,
1315A,shandong,qingdao,120.454006,36.26092,1493,1,,,,,
1316A,henan,zhengzhou,113.6767,34.7413331,685,1,,,,,
1317A,henan,zhengzhou,113.6904828,34.5857913,685,1,,,,,
1318A,henan,zhengzhou,113.6795582,34.8031084,685,1,,,,,
1319A,henan,zhengzhou,113.6705388,34.8019485,685,1,,,,,
1320A,henan,zhengzhou,113.625805,34.747041,685,1,,,,,
1321A,henan,zhengzhou,113.7357612,34.7712217,685,1,,,,,
1322A,henan,zhengzhou,112.9902676,34.7485894,685,1,,,,,
1323A,henan,zhengzhou,113.625805,34.747041,685,1,,,,,
1324A,henan,zhengzhou,113.625805,34.747041,685,1,,,,,
1325A,hubei,wuhan,114.375132,30.573909,887,1,,,,,
1326A,hubei,wuhan,114.2576244,30.5576259,887,1,,,,,
1327A,hubei,wuhan,114.305393,30.593099,887,1,,,,,
1328A,hubei,wuhan,114.3239032,30.5310913,887,1,,,,,
1329A,hubei,wuhan,114.374847,30.616938,887,1,,,,,
1330A,hubei,wuhan,114.1876933,30.4581427,887,1,,,,,
1331A,hubei,wuhan,114.322986,30.616847,887,1,,,,,
1332A,hubei,wuhan,114.403462,30.479077,887,1,,,,,
1333A,hubei,wuhan,114.13425,30.633342,887,1,,,,,
1334A,hubei,wuhan,114.305393,30.593099,887,1,,,,,
1335A,hunan,changsha,112.938814,28.228209,963,1,,,,,
1336A,hunan,changsha,112.938814,28.228209,963,1,,,,,
1337A,hunan,changsha,113.0761355,28.2006808,963,1,,,,,
1338A,hunan,changsha,112.947467,28.185549,963,1,,,,,
1339A,hunan,changsha,113.0011756,28.1407807,963,1,,,,,
1340A,hunan,changsha,112.648184,28.206197,963,1,,,,,
1341A,hunan,changsha,112.9421855,28.3363807,963,1,,,,,
1342A,hunan,changsha,113.0011756,28.1407807,963,1,,,,,
1343A,hunan,changsha,112.896828,28.132131,963,1,,,,,
1344A,hunan,changsha,113.535342,28.512869,963,1,,,,,
1345A,guangdong,guangzhou,113.241103,23.137097,264,1,,,,,
1346A,guangdong,guangzhou,113.6519774,23.1490342,264,1,,,,,
1347A,guangdong,guangzhou,113.3612,23.12468,264,1,,,,,
1348A,guangdong,guangzhou,113.356863,23.089468,264,1,,,,,
1349A,guangdong,guangzhou,113.2988285,23.0963779,264,1,,,,,
1350A,guangdong,guangzhou,113.361185,22.906746,264,1,,,,,
1351A,guangdong,guangzhou,113.184479,23.407126,264,1,,,,,
1352A,guangdong,guangzhou,113.8262966,23.2845581,264,1,,,,,
1353A,guangdong,guangzhou,113.576756,23.27632,264,1,,,,,
1354A,guangdong,guangzhou,113.27982,23.147522,264,1,,,,,
1355A,guangdong,guangzhou,113.462667,23.302615,264,1,,,,,
1356A,guangdong,shenzhen,113.7998063,22.6968677,265,1,,,,,
1357A,guangdong,shenzhen,114.1182956,22.559535,265,1,,,,,
1358A,guangdong,shenzhen,113.985033,22.533483,265,1,,,,,
1359A,guangdong,shenzhen,113.929059,22.518582,265,1,,,,,
1360A,guangdong,shenzhen,114.236875,22.556499,265,1,,,,,
1361A,guangdong,shenzhen,114.246822,22.720923,265,1,,,,,
1362A,guangdong,shenzhen,113.863023,22.575162,265,1,,,,,
1363A,guangdong,shenzhen,114.496142,22.534783,265,1,,,,,
1364A,guangdong,shenzhen,114.1302591,22.3668502,265,1,,,,,
1365A,guangdong,shenzhen,114.305253,22.601795,265,1,,,,,
1366A,guangdong,shenzhen,114.0417261,22.6995895,265,1,,,,,
1367A,guangdong,zhuhai,113.5795911,22.2479074,258,1,,,,,
1368A,guangdong,zhuhai,113.51847,22.238181,258,1,,,,,
1369A,guangdong,zhuhai,113.5936775,22.3492441,258,1,,,,,
1370A,guangdong,zhuhai,113.296467,22.2092,258,1,,,,,
1371A,guangdong,foshan,113.136827,22.989772,246,1,,,,,
1372A,guangdong,foshan,113.105457,23.039507,246,1,,,,,
1373A,guangdong,foshan,113.324943,22.93687,246,1,,,,,
1374A,guangdong,foshan,113.295195,22.811728,246,1,,,,,
1375A,guangdong,foshan,113.262877,22.766275,246,1,,,,,
1376A,guangdong,foshan,112.8247022,22.8628655,246,1,,,,,
1377A,guangdong,foshan,112.888553,23.155896,246,1,,,,,
1378A,guangdong,foshan,112.8792846,23.1795273,246,1,,,,,
1379A,guangdong,zhongshan,113.382205,22.518295,257,1,,,,,
1380A,guangdong,zhongshan,113.3766118,22.5405784,257,1,,,,,
1381A,guangdong,zhongshan,113.433033,22.544531,257,1,,,,,
1382A,guangdong,zhongshan,113.392725,22.516999,257,1,,,,,
1383A,guangdong,jiangmen,113.114333,22.606366,255,1,,,,,
1384A,guangdong,jiangmen,113.210546,22.683859,255,1,,,,,
1385A,guangdong,jiangmen,113.0331694,22.5308027,255,1,,,,,
1386A,guangdong,jiangmen,113.091226,22.589223,255,1,,,,,
1387A,guangdong,dongguan,113.785503,23.049812,247,1,,,,,
1388A,guangdong,dongguan,113.7561213,23.026266,247,1,,,,,
1389A,guangdong,dongguan,113.7561242,23.0276873,247,1,,,,,
1390A,guangdong,dongguan,113.7967231,23.0208303,247,1,,,,,
1391A,guangdong,dongguan,113.748444,22.990037,247,1,,,,,
1392A,guangdong,huizhou,114.431047,23.066844,249,1,,,,,
1393A,guangdong,huizhou,114.416196,23.111847,249,1,,,,,
1394A,guangdong,huizhou,114.416196,23.111847,249,1,,,,,
1395A,guangdong,huizhou,114.4563048,22.7800331,249,1,,,,,
1396A,guangdong,huizhou,114.416196,23.111847,249,1,,,,,
1397A,guangdong,zhaoqing,112.465091,23.047192,244,1,,,,,
1398A,guangdong,zhaoqing,112.465091,23.047192,244,1,,,,,
1399A,guangdong,zhaoqing,112.418649,23.786545,244,1,,,,,
1400A,guangdong,zhaoqing,112.465091,23.047192,244,1,,,,,
1401A,guangxi,nanning,108.303857,22.785497,340,1,,,,,
1402A,guangxi,nanning,108.3203506,22.8558969,340,1,,,,,
1403A,guangxi,nanning,108.353907,22.820658,340,1,,,,,
1404A,guangxi,nanning,108.391168,22.800281,340,1,,,,,
1405A,guangxi,nanning,108.4619372,22.8074754,340,1,,,,,
1406A,guangxi,nanning,108.366543,22.817002,340,1,,,,,
1407A,guangxi,nanning,108.331905,22.73254,340,1,,,,,
1408A,guangxi,nanning,108.366543,22.817002,402,1,,,,,
1409A,hainan,haikou,110.607139,19.967173,519,1,,,,,
1410A,hainan,haikou,110.3316053,20.0560263,519,1,,,,,
1411A,hainan,haikou,110.2871079,20.0070139,519,1,,,,,
1412A,hainan,haikou,110.3373001,20.0505541,519,1,,,,,
1413A,hainan,haikou,110.3321665,20.028739,519,1,,,,,
1414A,chongqing,chongqing,106.398837,29.838113,2381,0,,,,,
1415A,chongqing,chongqing,106.463014,29.577044,2378,1,,,,,
1416A,chongqing,chongqing,106.4230166,29.8156145,2378,0,,,,,
1417A,chongqing,chongqing,106.627113,29.711465,2380,0,,,,,
1418A,chongqing,chongqing,106.310543,29.597312,2380,1,,,,,
1419A,chongqing,chongqing,106.569902,29.525969,2380,1,,,,,
1420A,chongqing,chongqing,106.64627,29.59762,2380,1,,,,,
1421A,chongqing,chongqing,106.624672,29.493825,2364,0,,,,,
1422A,chongqing,chongqing,106.367531,29.488057,2380,1,,,,,
1423A,chongqing,chongqing,106.577071,29.557254,2380,1,,,,,
1424A,chongqing,chongqing,106.513976,29.508009,2380,1,,,,,
1425A,chongqing,chongqing,106.6558127,29.7528022,2380,0,,,,,
1426A,chongqing,chongqing,106.476136,29.471949,2380,1,,,,,
1427A,chongqing,chongqing,106.488841,29.667062,2380,0,,,,,
1428A,chongqing,chongqing,106.4922,29.731893,2390,0,,,,,
1429A,chongqing,chongqing,106.523029,29.3801492,2383,0,,,,,
1430A,chongqing,chongqing,106.582229,29.422311,2383,0,,,,,
1431A,sichuan,chengdu,103.980388,30.7085439,1845,1,,,,,
1432A,sichuan,chengdu,104.188052,30.672026,1845,1,,,,,
1433A,sichuan,chengdu,104.081271,30.605515,1845,1,,,,,
1434A,sichuan,chengdu,104.1244012,30.6217241,1845,1,,,,,
1435A,sichuan,chengdu,104.0823591,30.6827435,1845,1,,,,,
1436A,sichuan,chengdu,104.0282181,30.6625127,1845,1,,,,,
1437A,sichuan,chengdu,104.057255,30.657144,1845,1,,,,,
1438A,sichuan,chengdu,103.61524,31.02666,1845,1,,,,,
1439A,guizhou,guiyang,106.589607,26.509336,425,1,,,,,
1440A,guizhou,guiyang,106.700222,26.565717,425,1,,,,,
1441A,guizhou,guiyang,106.6943774,26.577713,425,1,,,,,
1442A,guizhou,guiyang,106.750625,26.630845,425,1,,,,,
1443A,guizhou,guiyang,106.67026,26.409818,425,1,,,,,
1444A,guizhou,guiyang,106.631087,26.632078,425,1,,,,,
1445A,guizhou,guiyang,106.71414,26.591842,425,1,,,,,
1446A,guizhou,guiyang,106.630154,26.647661,425,1,,,,,
1447A,guizhou,guiyang,106.696567,26.555032,425,1,,,,,
1552A,guizhou,guiyang,106.679878,26.381554,425,1,,,,,
1449A,yunnan,kunming,102.7416492,25.0093273,2182,1,,,,,
1450A,yunnan,kunming,102.826241,24.894152,2182,1,,,,,
1451A,yunnan,kunming,102.619556,24.978515,2182,1,,,,,
1452A,yunnan,kunming,102.7452043,25.10858861,2182,1,,,,,
1453A,yunnan,kunming,102.7321266,25.0382469,2182,1,,,,,
1454A,yunnan,kunming,102.6835864,25.0638169,2182,1,,,,,
1455A,yunnan,kunming,102.666061,25.03722,2182,1,,,,,
1456A,xizang,lasa,91.1325566,29.6502322,2003,1,,,,,
1457A,xizang,lasa,91.1240383,29.6716889,2003,1,,,,,
1458A,xizang,lasa,91.17211,29.652491,2003,1,,,,,
1459A,xizang,lasa,91.146978,29.646118,2003,1,,,,,
1460A,xizang,lasa,91.17211,29.652491,2003,1,,,,,
1461A,xizang,lasa,91.070546,29.622422,2003,1,,,,,
1462A,shaanxi,xian,108.905256,34.267812,1723,1,,,,,
1463A,shaanxi,xian,108.988927,34.266108,1723,1,,,,,
1464A,shaanxi,xian,109.064312,34.269461,1723,1,,,,,
1465A,shaanxi,xian,108.9467653,34.2227994,1723,1,,,,,
1466A,shaanxi,xian,108.9588747,34.26970479,1723,1,,,,,
1467A,shaanxi,xian,108.8925744,34.1894238,1723,1,,,,,
1468A,shaanxi,xian,108.9382667,34.3471661,1723,1,,,,,
1469A,shaanxi,xian,108.906934,34.158892,1723,1,,,,,
1470A,shaanxi,xian,109.226102,34.662235,1723,1,,,,,
1471A,shaanxi,xian,109.214236,34.367287,1723,1,,,,,
1472A,shaanxi,xian,109.040139,34.261929,1723,1,,,,,
1473A,shaanxi,xian,108.996296,34.211385,1723,1,,,,,
1474A,shaanxi,xian,109.0500153,34.3233523,1723,1,,,,,
1475A,gansu,lanzhou,103.7139878,36.074469,173,1,,,,,
1476A,gansu,lanzhou,103.6332872,36.10193816,173,1,,,,,
1477A,gansu,lanzhou,104.112527,35.843056,173,1,,,,,
1478A,gansu,lanzhou,103.8457419,36.0721113,173,1,,,,,
1479A,gansu,lanzhou,103.8385836,36.0435402,173,1,,,,,
1480A,qinghai,xining,101.7537685,36.5905055,1449,1,,,,,
1481A,qinghai,xining,106.0640179,11.3494766,1449,1,,,,,
1482A,qinghai,xining,101.847664,36.578514,1449,1,,,,,
1483A,qinghai,xining,101.778224,36.617134,1449,1,,,,,
1484A,ningxia,yinchuan,105.9559047,38.6017924,1424,1,,,,,
1485A,ningxia,yinchuan,106.2723962,38.4750241,1424,1,,,,,
1486A,ningxia,yinchuan,106.227198,38.459533,1424,1,,,,,
1487A,ningxia,yinchuan,106.230909,38.487194,1424,1,,,,,
1488A,ningxia,yinchuan,106.2955544,38.5048138,1424,1,,,,,
1489A,ningxia,yinchuan,106.1582287,38.5068314,1424,1,,,,,
1490A,xinjiang,wulumuqi,87.64772,43.963524,2088,1,,,,,
1491A,xinjiang,wulumuqi,87.60050348,43.63329908,2088,1,,,,,
1492A,xinjiang,wulumuqi,87.616848,43.825592,2088,1,,,,,
1493A,xinjiang,wulumuqi,87.561364,43.870942,2088,1,,,,,
1494A,xinjiang,wulumuqi,87.631643,43.808515,2088,1,,,,,
1495A,xinjiang,wulumuqi,87.42301716,43.87351706,2088,1,,,,,
1496A,xinjiang,wulumuqi,87.647767,43.96365,2088,1,,,,,
1508A,hunan,xiangtan,112.972287,27.859684,956,1,,,,,
1511A,hunan,xiangtan,112.944049,27.829738,956,1,,,,,
1512A,hunan,xiangtan,112.894611,27.869407,956,1,,,,,
1513A,hunan,xiangtan,112.96948,27.872028,956,1,,,,,
1514A,hunan,xiangtan,112.916294,27.892376,956,1,,,,,
1562A,hunan,xiangtan,113.021728,27.961788,956,1,,,,,
1564A,hunan,xiangtan,112.526671,27.915009,956,1,,,,,
1515A,hunan,zhuzhou,113.134003,27.82755,959,1,,,,,
1518A,hunan,zhuzhou,113.134003,27.82755,959,1,,,,,
1519A,hunan,zhuzhou,113.1566979,27.4897024,959,1,,,,,
1520A,hunan,zhuzhou,113.156193,27.835389,959,1,,,,,
1524A,hunan,zhuzhou,113.7840091,26.4956286,959,1,,,,,
1559A,hunan,zhuzhou,113.261784,27.843332,959,1,,,,,
2031A,hunan,zhuzhou,113.188967,27.993264,959,1,,,,,
1585A,neimenggu,baotou,109.8171154,40.6654908,1306,1,,,,,
1586A,neimenggu,baotou,109.8153554,40.6581585,1306,1,,,,,
1587A,neimenggu,baotou,110.0136675,40.592583,1306,1,,,,,
1588A,neimenggu,baotou,109.8601078,40.6778749,1306,1,,,,,
1589A,neimenggu,baotou,109.840349,40.657378,1306,1,,,,,
1590A,neimenggu,baotou,110.044142,40.575948,1306,1,,,,,
1591A,neimenggu,eerduosi,109.9574084,39.8159771,1387,1,,,,,
1592A,neimenggu,eerduosi,109.781327,39.608266,1387,1,,,,,
1593A,neimenggu,eerduosi,109.782058,39.598888,1387,1,,,,,
1594A,neimenggu,eerduosi,109.96657,39.836074,1387,1,,,,,
1595A,neimenggu,eerduosi,109.983611,39.788156,1387,1,,,,,
1596A,liaoning,yingkou,122.3828965,40.6819367,1258,1,,,,,
1597A,liaoning,yingkou,122.276386,40.710069,1258,1,,,,,
1598A,liaoning,yingkou,122.235418,40.667012,1258,1,,,,,
1599A,liaoning,yingkou,122.17281,40.666988,1258,1,,,,,
1600A,liaoning,dandong,124.354451,40.000787,1259,1,,,,,
1601A,liaoning,dandong,124.428207,40.156313,1259,1,,,,,
1602A,liaoning,dandong,124.395757,40.13652,1259,1,,,,,
1603A,liaoning,dandong,124.152274,39.885819,1259,1,,,,,
1604A,liaoning,panjin,122.060968,41.155037,1252,1,,,,,
1605A,liaoning,panjin,122.10584,41.138824,1252,1,,,,,
1606A,liaoning,panjin,121.9278611,41.160998,1252,1,,,,,
1607A,liaoning,huludao,120.83694,40.711041,1257,1,,,,,
1608A,liaoning,huludao,120.84327,40.754193,1257,1,,,,,
1609A,liaoning,huludao,120.83694,40.711041,1257,1,,,,,
1610A,liaoning,huludao,120.8671718,40.7740407,1257,1,,,,,
1611A,fujian,quanzhou,118.675676,24.874132,157,1,,,,,
1612A,fujian,quanzhou,118.598162,24.897397,157,1,,,,,
1613A,fujian,quanzhou,118.6885692,24.9584962,157,1,,,,,
1614A,fujian,quanzhou,118.608056,24.954722,157,1,,,,,
1615A,shandong,laiwu,117.676724,36.213814,1491,1,,,,,
1616A,shandong,laiwu,117.729663,36.239549,1491,1,,,,,
1617A,shandong,laiwu,117.676724,36.213814,1491,1,,,,,
1618A,shandong,linyi,118.6354794,35.7990174,1497,1,,,,,
1619A,shandong,linyi,118.298551,35.059667,1497,1,,,,,
1620A,shandong,linyi,118.356448,35.104672,1497,1,,,,,
1621A,shandong,linyi,118.350441,35.041441,1497,1,,,,,
1622A,shandong,dezhou,116.3103,37.4667719,1484,1,,,,,
1623A,shandong,dezhou,116.2813803,37.4491331,1484,1,,,,,
1624A,shandong,dezhou,116.6271584,36.9207822,1484,1,,,,,
1625A,shandong,liaocheng,115.973887,36.444389,1489,1,,,,,
1626A,shandong,liaocheng,116.001722,36.45746,1489,1,,,,,
1627A,shandong,liaocheng,116.4557627,36.2924803,1489,1,,,,,
1628A,shandong,binzhou,118.099458,36.961781,1485,1,,,,,
1629A,shandong,binzhou,117.970703,37.38199,1485,1,,,,,
1630A,shandong,binzhou,117.970703,37.38199,1485,1,,,,,
1631A,shandong,zibo,118.050073,36.807559,1492,1,,,,,
1632A,shandong,zibo,118.054927,36.813487,1492,1,,,,,
1633A,shandong,zibo,117.851712,36.688297,1492,1,,,,,
1634A,shandong,zibo,118.0083968,37.367698,1492,1,,,,,
1635A,shandong,zibo,118.306694,36.812193,1492,1,,,,,
1636A,shandong,zibo,117.875814,36.83387,1492,1,,,,,
1637A,shandong,zaozhuang,117.556124,34.864114,1499,1,,,,,
1638A,shandong,zaozhuang,117.321482,34.809525,1499,1,,,,,
1639A,shandong,zaozhuang,117.5907801,34.7720919,1499,1,,,,,
1640A,shandong,zaozhuang,117.731051,34.565776,1499,1,,,,,
1641A,shandong,zaozhuang,117.457879,35.099199,1499,1,,,,,
1642A,shandong,yantai,121.251001,37.554683,1487,1,,,,,
1643A,shandong,yantai,121.447935,37.463822,1487,1,,,,,
1644A,shandong,yantai,121.32,37.5291,1487,1,,,,,
1645A,shandong,yantai,121.6048481,37.3862606,1487,1,,,,,
1646A,shandong,yantai,121.2665975,37.4976452,1487,1,,,,,
1647A,shandong,yantai,121.6048481,37.3862606,1487,1,,,,,
1648A,shandong,weifang,118.839892,36.7011619,1493,1,,,,,
1649A,shandong,weifang,119.1050086,36.7314733,1493,1,,,,,
1650A,shandong,weifang,119.40419,36.848546,1493,1,,,,,
1651A,shandong,weifang,119.161756,36.706774,1493,1,,,,,
1652A,shandong,weifang,119.219734,36.775491,1493,1,,,,,
1653A,shandong,jining,116.6232111,35.4276775,1496,1,,,,,
1654A,shandong,jining,117.249094,35.653335,1496,1,,,,,
1655A,shandong,jining,116.55018,35.408185,1496,1,,,,,
1656A,shandong,taian,116.7753791,36.1777219,1489,1,,,,,
1657A,shandong,taian,116.778405,36.203199,1489,1,,,,,
1658A,shandong,taian,117.191687,36.228686,1489,1,,,,,
1659A,shandong,rizhao,119.5949096,35.4637563,1497,1,,,,,
1660A,shandong,rizhao,119.526885,35.416329,1497,1,,,,,
1661A,shandong,rizhao,119.5479067,35.3942097,1497,1,,,,,
1662A,shandong,weihai,122.13608,37.428334,1488,1,,,,,
1663A,shandong,weihai,122.061023,37.526241,1488,1,,,,,
1664A,shandong,weihai,122.179895,37.42674,1488,1,,,,,
1665A,shandong,dongying,118.674767,37.434751,1486,1,,,,,
1666A,shandong,dongying,118.257828,37.505991,1486,1,,,,,
1667A,shandong,dongying,118.5265,37.433183,1486,1,,,,,
1668A,shandong,dongying,118.8305489,37.3731866,1486,1,,,,,
1669A,guangdong,shaoguan,113.5865,24.7707,242,1,,,,,
1670A,guangdong,shaoguan,113.597522,24.810403,242,1,,,,,
1671A,guangdong,shaoguan,113.6014157,24.6846275,242,1,,,,,
1672A,guangdong,shaoguan,113.604549,24.682728,242,1,,,,,
1673A,guangdong,shaoguan,113.604549,24.682728,242,1,,,,,
1674A,guangdong,shantou,116.703426,23.365613,254,1,,,,,
1675A,guangdong,shantou,116.716534,23.371476,253,1,,,,,
1676A,guangdong,shantou,116.681972,23.354091,253,1,,,,,
1677A,guangdong,shantou,116.756092,23.46596,253,1,,,,,
1678A,guangdong,shantou,116.601515,23.264936,253,1,,,,,
1679A,guangdong,shantou,116.4585478,23.2484341,253,1,,,,,
1680A,guangdong,zhanjiang,110.3720632,21.2664517,260,1,,,,,
1681A,guangdong,zhanjiang,110.365067,21.257463,260,1,,,,,
1682A,guangdong,zhanjiang,110.359377,21.270708,260,1,,,,,
1683A,guangdong,zhanjiang,110.3674958,21.2750262,260,1,,,,,
1684A,guangdong,zhanjiang,110.334387,21.263443,260,1,,,,,
1685A,guangdong,zhanjiang,110.4542885,21.2412356,260,1,,,,,
1686A,guangdong,maoming,110.925456,21.662999,261,1,,,,,
1687A,guangdong,maoming,110.925456,21.662999,261,1,,,,,
1688A,guangdong,maoming,111.0066068,21.5113933,261,1,,,,,
1689A,guangdong,maoming,110.931245,21.668226,261,1,,,,,
1690A,guangdong,maoming,116.128732,24.325387,243,1,,,,,
1691A,guangdong,meizhou,116.083605,24.264705,243,0,,,,,
1692A,guangdong,meizhou,116.122239,24.288615,243,1,,,,,
1693A,guangdong,shanwei,115.6306883,22.9493175,259,1,,,,,
1694A,guangdong,shanwei,115.644614,22.945113,259,1,,,,,
1695A,guangdong,shanwei,115.366496,22.788918,259,1,,,,,
1696A,guangdong,heyuan,114.700961,23.743686,248,1,,,,,
1697A,guangdong,heyuan,114.713721,23.757251,248,1,,,,,
1698A,guangdong,heyuan,114.696159,23.722621,248,1,,,,,
1699A,guangdong,yangjiang,111.992961,21.852872,262,1,,,,,
1700A,guangdong,yangjiang,111.9586115,21.8496812,262,1,,,,,
1701A,guangdong,yangjiang,111.982232,21.857958,262,1,,,,,
1702A,guangdong,qingyuan,113.047777,23.688409,245,1,,,,,
1703A,guangdong,qingyuan,113.056031,23.681764,245,1,,,,,
1704A,guangdong,qingyuan,113.0099866,23.7347917,245,1,,,,,
1705A,guangdong,chaozhou,116.6386694,23.6678387,250,1,,,,,
1706A,guangdong,chaozhou,116.6483023,23.6680205,250,1,,,,,
1707A,guangdong,chaozhou,116.62158,23.649996,250,1,,,,,
1708A,guangdong,jieyang,116.375107,23.528299,261,1,,,,,
1709A,guangdong,jieyang,116.3344188,23.5399013,261,1,,,,,
1710A,guangdong,jieyang,116.379501,23.547999,261,1,,,,,
1711A,guangdong,jieyang,116.418299,23.51262,261,1,,,,,
1712A,guangdong,yunfu,112.044491,22.915094,254,1,,,,,
1713A,guangdong,yunfu,112.04223,22.9368605,254,1,,,,,
1714A,guangdong,yunfu,112.0578311,22.9481243,254,1,,,,,
1715A,yunnan,yuxi,102.5914851,24.3625157,2176,1,,,,,
1716A,yunnan,yuxi,102.545068,24.370447,2176,1,,,,,
1717A,yunnan,yuxi,102.498175,24.337927,2176,1,,,,,
1718A,shandong,heze,115.4284362,35.2477563,1494,1,,,,,
1719A,shandong,heze,115.487187,35.242773,1494,1,,,,,
1720A,shandong,heze,115.4663863,35.2689253,1494,1,,,,,
1721A,shanxi,datong,113.300129,40.076763,1494,1,,,,,
1722A,shanxi,datong,113.290651,40.093067,1605,1,,,,,
1723A,shanxi,datong,113.138349,40.110463,1605,1,,,,,
1724A,shanxi,datong,113.350923,40.093036,1605,1,,,,,
1725A,shanxi,datong,113.278451,40.143651,1605,1,,,,,
1726A,shanxi,datong,121.5294622,25.0277411,1605,1,,,,,
1727A,shanxi,changzhi,113.122729,36.155013,1615,1,,,,,
1728A,shanxi,changzhi,113.4016611,36.5060594,1615,1,,,,,
1729A,shanxi,changzhi,113.151812,36.19664,1615,1,,,,,
1730A,shanxi,changzhi,113.2054297,36.1063481,1615,1,,,,,
1731A,shanxi,changzhi,113.093212,36.18569,1615,1,,,,,
1732A,shanxi,linfen,111.4793079,35.6540506,1613,1,,,,,
1733A,shanxi,linfen,111.518976,36.088005,1613,1,,,,,
1734A,shanxi,linfen,111.552587,36.077854,1613,1,,,,,
1735A,shanxi,linfen,111.518976,36.088005,1613,1,,,,,
1736A,shanxi,linfen,111.5611163,36.6542014,1613,1,,,,,
1737A,shanxi,linfen,111.52212,36.081466,1613,1,,,,,
1738A,shanxi,yangquan,113.5860212,37.8601159,1612,1,,,,,
1739A,shanxi,yangquan,113.513955,37.877443,1612,1,,,,,
1740A,shanxi,yangquan,113.818965,37.748305,1612,1,,,,,
1741A,shanxi,yangquan,113.648886,37.848595,1612,1,,,,,
1742A,shanxi,yangquan,113.482657,37.86949,1612,1,,,,,
1743A,shanxi,yangquan,113.574013,37.844877,1612,1,,,,,
1744A,neimenggu,chifeng,118.928583,42.282906,1314,1,,,,,
1745A,neimenggu,chifeng,118.980745,42.2785391,1314,1,,,,,
1746A,neimenggu,chifeng,118.8829151,42.2585738,1314,1,,,,,
1747A,neimenggu,chifeng,118.362429,42.227571,1314,1,,,,,
1748A,liaoning,anshan,123.026248,41.135121,1252,1,,,,,
1749A,liaoning,anshan,123.192563,41.270283,1252,1,,,,,
1750A,liaoning,anshan,122.994329,41.108647,1252,1,,,,,
1751A,liaoning,anshan,122.98225,41.108742,1252,1,,,,,
1752A,liaoning,anshan,123.216616,41.234895,1252,1,,,,,
1753A,liaoning,anshan,122.994329,41.108647,1252,1,,,,,
1754A,liaoning,anshan,123.1166952,41.0124847,1252,1,,,,,
1755A,liaoning,fushun,123.784207,41.853646,1283,1,,,,,
1756A,liaoning,fushun,123.9272171,41.8864946,1283,1,,,,,
1757A,liaoning,fushun,124.038685,41.853192,1283,1,,,,,
1758A,liaoning,fushun,123.5102009,41.9445232,1283,1,,,,,
1759A,liaoning,fushun,124.0839601,41.9059371,1283,1,,,,,
1760A,liaoning,fushun,123.625945,41.80254,1283,1,,,,,
1761A,liaoning,benxi,123.813581,41.306237,1253,1,,,,,
1762A,liaoning,benxi,123.767647,41.329219,1253,1,,,,,
1763A,liaoning,benxi,123.740572,41.304811,1253,1,,,,,
1764A,liaoning,benxi,123.78215,41.303152,1253,1,,,,,
1765A,liaoning,benxi,123.800522,41.27833,1253,1,,,,,
1766A,liaoning,benxi,123.7798008,41.3702298,1253,1,,,,,
1767A,liaoning,jinzhou,121.147749,41.130879,1295,1,,,,,
1768A,liaoning,jinzhou,121.056188,40.852095,1295,1,,,,,
1769A,liaoning,jinzhou,121.126846,41.095685,1295,1,,,,,
1770A,liaoning,jinzhou,122.1473745,41.7175282,1295,1,,,,,
1771A,liaoning,jinzhou,121.131697,41.139368,1295,1,,,,,
1772A,jilin,jilin,126.5602847,43.87978,1045,1,,,,,
1773A,jilin,jilin,126.5852958,43.8458874,1045,1,,,,,
1774A,jilin,jilin,126.506122,43.821272,1045,1,,,,,
1775A,jilin,jilin,126.55384,43.944186,1045,1,,,,,
1776A,jilin,jilin,126.556951,43.82869,1045,1,,,,,
1777A,jilin,jilin,126.564544,43.871988,1045,1,,,,,
1778A,jilin,jilin,126.56227,43.821321,1045,1,,,,,
1779A,heilongjiang,qiqihaer,123.939691,47.375895,790,1,,,,,
1780A,heilongjiang,qiqihaer,123.918186,47.354348,790,1,,,,,
1781A,heilongjiang,qiqihaer,123.918186,47.354348,790,1,,,,,
1782A,heilongjiang,qiqihaer,123.6326113,47.2050386,790,1,,,,,
1783A,heilongjiang,qiqihaer,123.987289,47.3477,790,1,,,,,
1784A,heilongjiang,mudanjiang,129.633169,44.551653,801,1,,,,,
1785A,heilongjiang,mudanjiang,129.61975,44.581339,801,1,,,,,
1786A,heilongjiang,mudanjiang,129.598732,44.597812,801,1,,,,,
1787A,heilongjiang,mudanjiang,129.633169,44.551653,801,1,,,,,
1788A,heilongjiang,mudanjiang,129.610411,44.583714,801,1,,,,,
1789A,heilongjiang,daqing,124.812364,46.039828,794,1,,,,,
1790A,heilongjiang,daqing,125.135326,46.562247,794,1,,,,,
1791A,heilongjiang,daqing,124.891164,46.398498,794,1,,,,,
1792A,heilongjiang,daqing,125.114643,46.596356,794,1,,,,,
1793A,heilongjiang,daqing,124.870597,46.652358,794,1,,,,,
1794A,anhui,wuhu,118.3660524,31.3504975,21,1,,,,,
1795A,anhui,wuhu,118.375676,31.412922,21,1,,,,,
1796A,anhui,wuhu,118.432941,31.352859,21,1,,,,,
1797A,anhui,wuhu,118.199617,31.217915,21,1,,,,,
1798A,anhui,maanshan,118.5100331,31.6675801,22,1,,,,,
1799A,anhui,maanshan,118.50676,31.670452,22,1,,,,,
1800A,anhui,maanshan,118.535875,31.735353,22,1,,,,,
1801A,anhui,maanshan,118.50676,31.670452,22,1,,,,,
1802A,anhui,maanshan,118.50676,31.670452,22,1,,,,,
1803A,jiangxi,jiujiang,115.994689,29.675122,1164,1,,,,,
1804A,jiangxi,jiujiang,115.974259,29.682091,1164,1,,,,,
1805A,jiangxi,jiujiang,116.677543,29.044598,1164,1,,,,,
1806A,jiangxi,jiujiang,116.013346,29.660741,1164,1,,,,,
1807A,jiangxi,jiujiang,116.00193,29.705078,1164,1,,,,,
1808A,jiangxi,jiujiang,116.00193,29.705078,1164,1,,,,,
1809A,jiangxi,jiujiang,116.076818,29.746682,1164,1,,,,,
1810A,jiangxi,jiujiang,116.000951,29.731158,1164,1,,,,,
1811A,henan,luoyang,112.45404,34.619683,674,1,,,,,
1812A,henan,luoyang,112.4005726,34.6509982,674,1,,,,,
1813A,henan,luoyang,112.447525,34.657368,674,1,,,,,
1814A,henan,luoyang,112.472696,34.686507,674,1,,,,,
1815A,henan,luoyang,112.45404,34.619683,674,1,,,,,
1816A,henan,luoyang,112.45404,34.619683,674,1,,,,,
1817A,henan,luoyang,112.45404,34.619683,674,1,,,,,
1818A,henan,anyang,126.9568209,37.3942527,667,1,,,,,
1819A,henan,anyang,114.367985,36.107634,667,1,,,,,
1820A,henan,anyang,114.363725,36.069137,667,1,,,,,
1821A,henan,anyang,114.3984072,36.089583,667,1,,,,,
1822A,henan,anyang,113.59065,35.847492,667,1,,,,,
1823A,henan,kaifeng,114.3464803,34.8000972,676,1,,,,,
1824A,henan,kaifeng,114.344204,34.7762315,676,1,,,,,
1825A,henan,kaifeng,114.816025,34.820609,676,1,,,,,
1826A,henan,kaifeng,114.294127,34.795607,676,1,,,,,
1827A,henan,jiaozuo,113.2675009,35.2344729,669,1,,,,,
1828A,henan,jiaozuo,112.93637,35.0988759,669,1,,,,,
1829A,henan,jiaozuo,113.2492538,35.1760417,669,1,,,,,
1830A,henan,jiaozuo,113.207454,35.267003,669,1,,,,,
1831A,henan,pingdingshan,113.192661,33.76617,677,1,,,,,
1832A,henan,pingdingshan,113.293999,33.737365,677,1,,,,,
1833A,henan,pingdingshan,113.192661,33.76617,677,1,,,,,
1834A,henan,pingdingshan,113.192661,33.76617,677,1,,,,,
1835A,henan,sanmenxia,111.199772,34.772444,673,1,,,,,
1836A,henan,sanmenxia,111.17003,34.788212,673,1,,,,,
1837A,henan,sanmenxia,111.066849,33.960375,673,1,,,,,
1838A,henan,sanmenxia,111.160077,34.791919,673,1,,,,,
1839A,hubei,yichang,111.31098,30.732758,877,1,,,,,
1840A,hubei,yichang,111.304802,30.697772,877,1,,,,,
1841A,hubei,yichang,111.360765,30.644066,877,1,,,,,
1842A,hubei,yichang,111.268287,30.693405,877,1,,,,,
1843A,hubei,yichang,111.326348,30.770022,877,1,,,,,
1844A,hubei,jingzhou,112.254677,30.317358,879,1,,,,,
1845A,hubei,jingzhou,112.2083218,30.3512927,879,1,,,,,
1846A,hubei,jingzhou,112.239741,30.335165,879,1,,,,,
1847A,hunan,yueyang,113.119979,29.349318,948,1,,,,,
1848A,hunan,yueyang,113.151412,29.433847,948,1,,,,,
1849A,hunan,yueyang,113.131672,29.373305,948,1,,,,,
1850A,hunan,yueyang,113.272313,29.472746,948,1,,,,,
1851A,hunan,yueyang,113.006435,29.461106,948,1,,,,,
1852A,hunan,yueyang,113.128958,29.357104,948,1,,,,,
1853A,hunan,changde,111.7578131,29.6284038,951,1,,,,,
1854A,hunan,changde,111.876484,29.634384,951,1,,,,,
1855A,hunan,changde,111.680875,29.0207319,951,1,,,,,
1856A,hunan,changde,111.8780225,29.6305555,951,1,,,,,
1857A,hunan,changde,111.753217,29.091266,951,1,,,,,
1858A,hunan,zhangjiajie,110.500681,29.113117,947,1,,,,,
1859A,hunan,zhangjiajie,110.473835,29.1218295,947,1,,,,,
1860A,hunan,zhangjiajie,110.5448066,29.349475,947,1,,,,,
1861A,hunan,zhangjiajie,110.53638,29.353463,947,1,,,,,
1862A,guangxi,guilin,110.290195,25.273566,326,1,,,,,
1863A,guangxi,guilin,110.2121495,25.2410668,326,1,,,,,
1864A,guangxi,guilin,110.3077123,25.2698217,326,1,,,,,
1865A,guangxi,guilin,110.291612,25.226303,326,1,,,,,
1866A,guangxi,beihai,109.236208,21.590367,339,1,,,,,
1867A,guangxi,beihai,109.146562,21.406375,339,1,,,,,
1868A,guangxi,beihai,109.119927,21.481254,339,1,,,,,
1869A,guangxi,beihai,109.119927,21.481254,339,1,,,,,
1870A,guangxi,liuzhou,109.415953,24.325502,328,1,,,,,
1871A,guangxi,liuzhou,109.415953,24.325502,328,1,,,,,
1872A,guangxi,liuzhou,109.415953,24.325502,328,1,,,,,
1873A,guangxi,liuzhou,109.430546,24.3505554,328,1,,,,,
1874A,guangxi,liuzhou,109.422402,24.329053,328,1,,,,,
1875A,guangxi,liuzhou,109.491345,24.32111,328,1,,,,,
1876A,hainan,sanya,109.511909,18.252847,514,1,,,,,
1877A,hainan,sanya,109.522771,18.257776,514,1,,,,,
1878A,sichuan,mianyang,104.7723886,31.4683123,1825,1,,,,,
1879A,sichuan,mianyang,104.762646,31.458111,1825,1,,,,,
1880A,sichuan,mianyang,104.679114,31.46745,1825,1,,,,,
1881A,sichuan,mianyang,104.679114,31.46745,1825,1,,,,,
1882A,sichuan,yibin,104.643215,28.751769,1833,1,,,,,
1883A,sichuan,yibin,104.622978,28.768965,1833,1,,,,,
1884A,sichuan,yibin,104.608635,28.7910283,1833,1,,,,,
1885A,sichuan,yibin,104.6423354,28.7513937,1833,1,,,,,
1886A,sichuan,yibin,104.643215,28.751769,1833,1,,,,,
1887A,sichuan,yibin,104.682402,28.796024,1833,1,,,,,
1888A,sichuan,panzhihua,101.681226,26.55426,1835,1,,,,,
1889A,sichuan,panzhihua,101.596062,26.5933962,1835,1,,,,,
1890A,sichuan,panzhihua,101.719975,26.586281,1835,1,,,,,
1891A,sichuan,panzhihua,101.851801,26.543687,1835,1,,,,,
1892A,sichuan,panzhihua,101.848689,26.548573,1835,1,,,,,
1893A,sichuan,luzhou,105.4370848,28.9577312,1844,1,,,,,
1894A,sichuan,luzhou,105.446892,28.899172,1844,1,,,,,
1895A,sichuan,luzhou,105.442258,28.871811,1844,1,,,,,
1896A,sichuan,luzhou,105.442533,28.88059,1844,1,,,,,
1897A,sichuan,zigong,104.776071,29.359157,1832,1,,,,,
1898A,sichuan,zigong,104.778442,29.33903,1832,1,,,,,
1899A,sichuan,zigong,104.7749302,29.3540729,1832,1,,,,,
1900A,sichuan,zigong,104.7757318,29.3388504,1832,1,,,,,
1901A,sichuan,deyang,104.397894,31.126856,1826,1,,,,,
1902A,sichuan,deyang,104.389302,31.1342808,1826,1,,,,,
1903A,sichuan,deyang,104.2164866,31.337645,1826,1,,,,,
1904A,sichuan,deyang,104.397894,31.126856,1826,1,,,,,
1905A,sichuan,nanchong,106.0658293,30.8013034,1840,1,,,,,
1906A,sichuan,nanchong,106.083397,30.798622,1840,1,,,,,
1907A,sichuan,nanchong,106.110698,30.837793,1840,1,,,,,
1908A,sichuan,nanchong,106.1109475,30.7832119,1840,1,,,,,
1909A,sichuan,nanchong,106.0799339,30.7619081,1840,1,,,,,
1910A,sichuan,nanchong,106.105554,30.800965,1840,1,,,,,
1911A,guizhou,zunyi,106.927389,27.725654,418,1,,,,,
1912A,guizhou,zunyi,106.947426,27.65607,418,1,,,,,
1913A,guizhou,zunyi,106.892819,27.636293,418,1,,,,,
1914A,guizhou,zunyi,106.931713,27.647933,418,1,,,,,
1915A,guizhou,zunyi,106.93126,27.699961,418,1,,,,,
1916A,yunnan,qujing,103.7920664,25.5008431,NA,2,,曲靖市下辖地区,,zhanyi,2227
1917A,yunnan,qujing,103.796167,25.49,NA,2,,,,luoping,2260
1918A,shaanxi,xianyang,108.728492,34.400172,1719,1,,,,,
1919A,shaanxi,xianyang,108.6782675,34.3176222,1719,1,,,,,
1920A,shaanxi,xianyang,108.731355,34.359763,1719,1,,,,,
1921A,shaanxi,xianyang,108.741583,34.318816,1719,1,,,,,
1922A,shaanxi,tongchuan,108.945233,34.896756,1716,1,,,,,
1923A,shaanxi,tongchuan,109.0757275,35.0689005,1716,1,,,,,
1924A,shaanxi,tongchuan,108.93951,34.90518,1716,1,,,,,
1925A,shaanxi,tongchuan,108.945233,34.896756,1716,1,,,,,
1926A,shaanxi,yanan,109.426969,36.626283,1715,1,,,,,
1927A,shaanxi,yanan,109.489757,36.585445,1715,1,,,,,
1928A,shaanxi,yanan,109.50051,36.60332,1715,1,,,,,
1929A,shaanxi,yanan,109.510565,36.610677,1715,1,,,,,
1930A,shaanxi,baoji,107.191004,34.30054,1717,1,,,,,
1931A,shaanxi,baoji,107.052069,34.736264,1717,1,,,,,
1932A,shaanxi,baoji,107.125088,34.369064,1717,1,,,,,
1933A,shaanxi,baoji,107.3935733,34.5151588,1717,1,,,,,
1934A,shaanxi,baoji,107.1252681,34.371967,1717,1,,,,,
1935A,shaanxi,baoji,107.393577,34.349606,1717,1,,,,,
1936A,shaanxi,baoji,107.160605,34.348457,1717,1,,,,,
1937A,shaanxi,baoji,107.244888,34.361478,1717,1,,,,,
1938A,shaanxi,weinan,109.509786,34.499995,1718,1,,,,,
1939A,shaanxi,weinan,109.509786,34.499995,1718,1,,,,,
1940A,shaanxi,weinan,109.461748,34.495249,1718,1,,,,,
1941A,shaanxi,weinan,109.431121,34.504626,1718,1,,,,,
1942A,gansu,jinchang,102.188043,38.520089,184,1,,,,,
1943A,gansu,jinchang,102.188043,38.520089,184,1,,,,,
1944A,gansu,jinchang,102.188043,38.520089,184,1,,,,,
1945A,gansu,jiayuguan,98.291232,39.77173,163,1,,,,,
1946A,gansu,jiayuguan,98.289152,39.77313,163,1,,,,,
1947A,ningxia,shizuishan,106.391625,38.823869,1427,1,,,,,
1948A,ningxia,shizuishan,106.3725583,39.0002097,1420,0,,,,,
1949A,ningxia,shizuishan,106.7637809,39.2176882,1425,0,,,,,
1950A,ningxia,shizuishan,106.718286,39.14109,1425,1,,,,,
1951A,xinjiang,kelamayi,84.889372,45.603088,2074,1,,,,,
1952A,xinjiang,kelamayi,84.887805,45.583566,2074,1,,,,,
1953A,xinjiang,kelamayi,85.131696,45.687855,2074,1,,,,,
1954A,xinjiang,kelamayi,84.886974,44.328096,2074,1,,,,,
1955A,xinjiang,kelamayi,85.693742,46.089148,2074,1,,,,,
1956A,xinjiang,kuerle,86.15032,41.75439,2082,1,,,,,
1957A,xinjiang,kuerle,86.174633,41.725891,2082,1,,,,,
1958A,xinjiang,kuerle,86.243133,41.711377,2082,1,,,,,
1959A,shandong,shouguang,118.7413922,36.8688434,1549,1,,,,,
1960A,shandong,shouguang,118.7820942,36.8585082,1549,1,,,,,
1961A,shandong,shouguang,117.5414269,36.7097507,1549,1,,,,,
1962A,shandong,shouguang,117.512172,36.676106,1549,1,,,,,
1963A,shandong,jimo,120.447161,36.389402,1564,1,,,,,
1964A,shandong,jimo,120.447161,36.389402,1564,1,,,,,
1965A,shandong,jimo,119.85631,35.852858,1594,1,,,,,
1966A,shandong,jimo,119.85631,35.852858,1594,1,,,,,
1967A,shandong,jiaozhou,120.013065,36.283238,1560,1,,,,,
1968A,shandong,jiaozhou,120.022518,36.255111,1560,1,,,,,
1969A,shandong,laixi,120.51769,36.889084,1561,1,,,,,
1970A,shandong,laixi,120.51769,36.889084,1561,1,,,,,
1971A,shandong,pingdu,120.322668,36.068612,1556,1,,,,,
1972A,shandong,pingdu,120.32274,36.068468,1556,1,,,,,
1973A,shandong,penglai,120.7725017,37.8080032,1521,1,,,,,
1974A,shandong,penglai,120.779152,37.813843,1521,1,,,,,
1975A,shandong,zhaoyuan,120.4041009,37.3748113,1523,1,,,,,
1976A,shandong,zhaoyuan,120.434072,37.355469,1523,1,,,,,
1977A,shandong,laizhou,119.9587159,37.1805338,1519,1,,,,,
1978A,shandong,laizhou,119.942327,37.177017,1519,1,,,,,
1979A,shandong,rongcheng,122.486658,37.16516,1529,1,,,,,
1980A,shandong,rongcheng,122.486658,37.16516,1529,1,,,,,
1981A,shandong,wendeng,122.0451707,37.1973497,1528,1,,,,,
1982A,shandong,wendeng,122.057941,37.193886,1528,1,,,,,
1983A,shandong,rushan,121.5357259,36.9132348,1565,1,,,,,
1984A,shandong,rushan,121.5419279,36.9296032,1565,1,,,,,
1985A,jiangsu,wujiang,120.640733,31.152867,1156,1,,,,,
1986A,jiangsu,wujiang,120.639511,31.16787,1156,1,,,,,
1987A,jiangsu,wujiang,120.66446,31.162437,1156,1,,,,,
1988A,jiangsu,kunshan,120.963947,31.39127,1155,1,,,,,
1989A,jiangsu,kunshan,121.003614,31.379362,1155,1,,,,,
1990A,jiangsu,changshu,120.803453,31.746017,1155,1,,,,,
1991A,jiangsu,changshu,120.752503,31.653686,1153,1,,,,,
1992A,jiangsu,changshu,120.752503,31.653686,1153,1,,,,,
1993A,jiangsu,zhangjiagang,120.5449365,31.8810014,1154,1,,,,,
1994A,jiangsu,zhangjiagang,120.553385,31.879835,1154,1,,,,,
1995A,jiangsu,taicang,121.1147466,31.4523114,1158,1,,,,,
1996A,jiangsu,taicang,121.13055,31.457735,1158,1,,,,,
1997A,jiangsu,jurong,119.168695,31.944999,1149,1,,,,,
1998A,jiangsu,jurong,119.182377,31.947091,1149,1,,,,,
1999A,jiangsu,jiangyin,120.284939,31.920658,1152,1,,,,,
2000A,jiangsu,jiangyin,120.2446272,31.9068321,1152,1,,,,,
2001A,jiangsu,jiangyin,120.30774,31.9173519,1152,1,,,,,
2002A,jiangsu,yixing,119.821871,31.352159,1151,1,,,,,
2003A,jiangsu,yixing,119.7924232,31.3678652,1151,1,,,,,
2004A,jiangsu,jintan,119.597897,31.723248,1148,1,,,,,
2005A,jiangsu,jintan,119.597897,31.723248,1148,1,,,,,
2006A,jiangsu,liyang,119.484211,31.416911,1150,1,,,,,
2007A,jiangsu,liyang,119.484211,31.416911,1150,1,,,,,
2008A,jiangsu,haimen,121.1774374,31.8936525,1157,1,,,,,
2009A,jiangsu,haimen,121.1588991,31.8943569,1157,1,,,,,
2010A,zhejiang,linan,119.724644,30.233597,2291,1,,,,,
2011A,zhejiang,linan,119.350295,30.207684,2291,1,,,,,
2012A,zhejiang,fuyang,120.1418345,30.2679245,2309,1,,,,,
2013A,zhejiang,fuyang,119.949404,30.046971,2309,1,,,,,
2014A,zhejiang,yiwu,120.0291616,29.21976,2330,1,,,,,
2015A,zhejiang,yiwu,120.0552779,29.323242,2330,1,,,,,
2016A,zhejiang,zhuji,120.248764,29.708318,2327,1,,,,,
2017A,zhejiang,zhuji,120.246863,29.708692,2327,1,,,,,
2018A,liaoning,wafangdian,121.9968155,39.6254544,1259,1,,,,,
2019A,liaoning,wafangdian,122.015005,39.616579,1259,1,,,,,
2054A,henan,xinyang,114.0475141,32.4624587,682,1,,,,,
2064A,henan,xinyang,114.091023,32.146984,682,1,,,,,
2065A,henan,xinyang,114.091023,32.146984,682,1,,,,,
2066A,henan,xinyang,114.085491,32.128582,682,1,,,,,
2067A,henan,zhoukou,114.6672724,33.6111505,680,1,,,,,
2068A,henan,zhoukou,114.6310252,33.6324009,680,1,,,,,
2069A,henan,zhoukou,114.696951,33.626149,680,1,,,,,
2070A,henan,zhoukou,114.6420777,33.6387607,680,1,,,,,
2073A,fujian,zhangzhou,117.725264,24.505651,99,1,,,,,
2074A,fujian,zhangzhou,117.659802,24.515912,99,1,,,,,
2075A,fujian,zhangzhou,117.649225,24.481391,99,1,,,,,
2160A,shanxi,jincheng,112.17887,35.686276,1617,1,,,,,
2161A,shanxi,jincheng,112.851831,35.490702,1617,1,,,,,
2162A,shanxi,jincheng,112.9322171,35.7980092,1617,1,,,,,
2163A,shanxi,jincheng,112.871993,35.485291,1617,1,,,,,
2164A,shanxi,jincheng,112.832493,35.479114,1617,1,,,,,
2165A,shanxi,jincheng,112.868304,35.559348,1617,1,,,,,
2166A,shanxi,shuozhou,112.3048622,39.5166917,1606,1,,,,,
2167A,shanxi,shuozhou,112.457699,39.359182,1606,1,,,,,
2168A,shanxi,shuozhou,112.449745,39.341208,1606,1,,,,,
2169A,shanxi,shuozhou,112.428046,39.324892,1606,1,,,,,
2170A,shanxi,shuozhou,112.435834,39.37093,1606,1,,,,,
2171A,shanxi,jinzhong,112.7645242,37.6972139,1663,1,,,,,
2172A,shanxi,jinzhong,112.708241,37.697792,1663,0,,,,,
2173A,shanxi,jinzhong,112.752695,37.687024,1663,1,,,,,
2174A,shanxi,jinzhong,112.707727,37.69758,1663,0,,,,,
2175A,shanxi,yuncheng,111.001636,35.015637,1569,1,,,,,
2176A,shanxi,yuncheng,111.023681,35.051312,1569,1,,,,,
2177A,shanxi,yuncheng,111.024271,35.031516,1569,1,,,,,
2178A,shanxi,yuncheng,111.007529,35.026412,1569,1,,,,,
2179A,shanxi,yuncheng,111.0455167,35.1123345,1569,1,,,,,
2180A,shanxi,xinzhou,112.734174,38.416663,1608,1,,,,,
2181A,shanxi,xinzhou,112.730498,38.455883,1608,1,,,,,
2182A,shanxi,xinzhou,112.734174,38.416663,1608,1,,,,,
2183A,shanxi,lvliang,111.7806512,37.2808329,1609,1,,,,,
2184A,shanxi,lvliang,111.144319,37.518314,1609,1,,,,,
2185A,shanxi,lvliang,111.143157,37.527316,1609,1,,,,,
2186A,neimenggu,wuhai,106.794249,39.655389,1307,1,,,,,
2187A,neimenggu,wuhai,106.814257,39.697766,1307,1,,,,,
2188A,neimenggu,wuhai,106.794249,39.655389,1307,1,,,,,
2189A,neimenggu,tongliao,122.243444,43.65289,1313,1,,,,,
2190A,neimenggu,tongliao,122.243444,43.65289,1313,1,,,,,
2191A,neimenggu,tongliao,122.243444,43.65289,1313,1,,,,,
2192A,neimenggu,hulunbeier,119.7666614,49.2277247,1301,1,,,,,
2193A,neimenggu,hulunbeier,119.742108,49.207147,1301,1,,,,,
2194A,neimenggu,bayannaoer,107.387657,40.743213,1308,1,,,,,
2195A,neimenggu,bayannaoer,107.423807,40.76918,1308,1,,,,,
2196A,neimenggu,bayannaoer,107.387657,40.743213,1308,1,,,,,
2197A,neimenggu,wulanchashi,113.118199,40.976764,1306,0,,,,,
2198A,neimenggu,wulanchashi,113.123779,40.990689,1306,0,,,,,
2199A,neimenggu,xinganmeng,122.037657,46.082463,1302,1,,,,,
2200A,neimenggu,xinganmeng,122.037657,46.082463,1302,1,,,,,
2201A,neimenggu,xinganmeng,122.037657,46.082463,1302,1,,,,,
2202A,neimenggu,xinlinguolemeng,116.048222,43.933454,1311,1,,,,,
2203A,neimenggu,xinlinguolemeng,116.4836994,42.2040974,1311,1,,,,,
2204A,neimenggu,alashanmeng,105.695683,38.843075,1303,1,,,,,
2205A,neimenggu,alashanmeng,105.728969,38.851892,1303,1,,,,,
2206A,neimenggu,alashanmeng,105.728969,38.851892,1303,1,,,,,
2207A,liaoning,fuxin,121.7100635,42.0388735,1247,1,,,,,
2208A,liaoning,fuxin,121.656803,42.019367,1247,1,,,,,
2209A,liaoning,fuxin,121.690984,42.069146,1247,1,,,,,
2210A,liaoning,fuxin,121.661165,42.007004,1247,1,,,,,
2211A,liaoning,fuxin,121.670324,42.021619,1247,1,,,,,
2212A,liaoning,liaoyang,123.212332,41.200459,1254,1,,,,,
2213A,liaoning,liaoyang,123.155663,41.257625,1254,1,,,,,
2214A,liaoning,liaoyang,123.17835,41.283995,1254,1,,,,,
2215A,liaoning,liaoyang,123.129141,41.271924,1254,1,,,,,
2216A,liaoning,tieling,123.726035,42.223828,1248,1,,,,,
2217A,liaoning,tieling,123.875624,42.295116,1248,1,,,,,
2218A,liaoning,tieling,123.726035,42.223828,1248,1,,,,,
2219A,liaoning,tieling,123.7267998,42.2226682,1248,1,,,,,
2220A,liaoning,chaoyang,120.450372,41.573734,1249,1,,,,,
2221A,liaoning,chaoyang,120.4559902,41.5714413,1249,1,,,,,
2222A,liaoning,chaoyang,120.450372,41.573734,1249,1,,,,,
2223A,liaoning,chaoyang,120.413376,41.576749,1249,1,,,,,
2224A,jilin,siping,124.3480957,43.1769057,1044,1,,,,,
2225A,jilin,siping,124.391382,43.175525,1044,1,,,,,
2226A,jilin,siping,124.350398,43.16642,1044,1,,,,,
2227A,jilin,liaoyuan,125.5278963,42.6731508,1046,1,,,,,
2228A,jilin,liaoyuan,125.14366,42.887767,1046,1,,,,,
2229A,jilin,tonghua,126.261018,42.726018,1088,1,,,,,
2230A,jilin,tonghua,126.045712,42.6899333,1088,1,,,,,
2231A,jilin,baishan,126.408903,41.922322,1052,1,,,,,
2232A,jilin,baishan,126.4132007,41.9441167,1052,1,,,,,
2233A,jilin,songyang,124.8089183,45.1170599,1043,1,,,,,
2234A,jilin,songyang,124.817516,45.191121,1043,1,,,,,
2235A,jilin,baicheng,122.8272421,45.6186327,1042,1,,,,,
2236A,jilin,baicheng,122.8272421,45.6186327,1042,1,,,,,
2237A,jilin,yanbianzhou,129.496721,42.896959,1050,1,,,,,
2238A,jilin,yanbianzhou,129.511748,42.911914,1050,1,,,,,
2239A,jilin,yanbianzhou,129.383042,42.881498,1050,1,,,,,
2240A,heilongjiang,jixi,130.941767,45.32154,800,1,,,,,
2241A,heilongjiang,jixi,130.969333,45.295075,800,1,,,,,
2242A,heilongjiang,jixi,130.969333,45.295075,800,1,,,,,
2243A,heilongjiang,jixi,130.941767,45.32154,800,1,,,,,
2244A,heilongjiang,hegang,130.297964,47.349916,792,1,,,,,
2245A,heilongjiang,hegang,130.297964,47.349916,792,1,,,,,
2246A,heilongjiang,hegang,130.317062,47.338535,792,1,,,,,
2247A,heilongjiang,hegang,130.10144,47.355384,792,1,,,,,
2248A,heilongjiang,shuangyashan,131.173488,46.660863,797,1,,,,,
2249A,heilongjiang,shuangyashan,131.161731,46.649166,797,1,,,,,
2250A,heilongjiang,shuangyashan,131.159401,46.648433,797,1,,,,,
2251A,heilongjiang,shuangyashan,131.159133,46.646509,797,1,,,,,
2252A,heilongjiang,yichun,128.8702481,47.7176692,791,1,,,,,
2253A,heilongjiang,yichun,128.876846,47.720448,791,1,,,,,
2254A,heilongjiang,yichun,129.452494,48.458269,791,1,,,,,
2255A,heilongjiang,jiamusi,130.318879,46.799778,796,1,,,,,
2256A,heilongjiang,jiamusi,130.406664,46.825615,796,1,,,,,
2257A,heilongjiang,jiamusi,130.3351095,46.7989824,796,0,,,,,
2258A,heilongjiang,jiamusi,130.035859,46.664932,796,0,,,,,
2259A,heilongjiang,jiamusi,130.361196,46.757677,796,0,,,,,
2260A,heilongjiang,qitaihe,131.0110691,45.7701606,798,0,,,,,
2261A,heilongjiang,qitaihe,130.8782973,45.8100416,798,0,,,,,
2262A,heilongjiang,qitaihe,131.003138,45.771727,798,1,,,,,
2263A,heilongjiang,heihe,127.4922891,50.254497,788,1,,,,,
2264A,heilongjiang,heihe,127.528287,50.245146,788,1,,,,,
2265A,heilongjiang,heihe,128.475955,49.5835481,788,1,,,,,
2266A,heilongjiang,suihua,126.968887,46.653845,795,0,,,,,
2267A,heilongjiang,suihua,126.968887,46.653845,795,1,,,,,
2268A,heilongjiang,daxinganlingdiqu,124.1223628,50.4276295,NA,2,,,,,
2269A,heilongjiang,daxinganlingdiqu,124.1194854,50.4254727,NA,2,,,,,
2270A,anhui,bengbu,117.389719,32.916287,NA,2,,,,,
2271A,anhui,bengbu,117.364365,32.945289,NA,2,,,,,
2272A,anhui,bengbu,117.0453219,32.656043,NA,2,,,,,
2273A,anhui,bengbu,117.42566,32.893395,NA,2,,,,,
2274A,anhui,bengbu,117.360075,32.964089,NA,2,,,,,
2275A,anhui,bengbu,117.321177,32.908139,NA,2,,,,,
2276A,anhui,huainan,117.05329,32.631662,17,0,,,,,
2277A,anhui,huainan,116.835668,32.77228,17,1,,,,,
2278A,anhui,huainan,116.960615,32.613785,17,0,,,,,
2279A,anhui,huainan,116.8589489,32.5999941,17,1,,,,,
2280A,anhui,huainan,116.8337369,32.6316134,17,1,,,,,
2281A,anhui,huainan,116.652402,32.622263,17,1,,,,,
2282A,anhui,huaibei,116.7669672,33.908011,13,1,,,,,
2283A,anhui,huaibei,116.815027,33.89682,13,1,,,,,
2284A,anhui,huaibei,116.793757,33.945637,13,1,,,,,
2285A,anhui,tongling,117.819833,30.939986,25,1,,,,,
2286A,anhui,tongling,117.8182933,30.9305391,25,1,,,,,
2287A,anhui,tongling,117.811267,30.945516,25,1,,,,,
2288A,anhui,tongling,117.7473416,30.8786441,25,1,,,,,
2289A,anhui,tongling,117.813029,30.941609,25,1,,,,,
2290A,anhui,tongling,117.811267,30.945516,25,1,,,,,
2291A,anhui,anqing,117.063755,30.543494,23,1,,,,,
2292A,anhui,anqing,117.0344823,30.5126451,23,0,,,,,
2293A,anhui,anqing,117.063755,30.543494,23,0,,,,,
2294A,anhui,anqing,116.9790081,30.6072225,23,1,,,,,
2295A,anhui,huangshan,118.3073736,29.7091406,27,0,,,,,
2296A,anhui,huangshan,118.336177,29.7215783,27,1,,,,,
2297A,anhui,huangshan,118.141568,30.272942,78,0,,,,,
2298A,anhui,chuzhou,118.2609666,32.090488,18,0,,,,,
2299A,anhui,chuzhou,118.328322,32.253425,18,1,,,,,
2300A,anhui,chuzhou,119.0108695,32.6839829,18,1,,,,,
2301A,anhui,fuyang,115.832452,32.8906171,15,0,,,,,
2302A,anhui,fuyang,119.965396,30.053713,15,1,,,,,
2303A,anhui,fuyang,115.855631,32.8636,15,1,,,,,
2304A,anhui,suzhou,116.964358,33.646357,14,1,,,,,
2305A,anhui,suzhou,116.979471,33.626722,14,1,,,,,
2306A,anhui,suzhou,116.994948,33.638246,14,1,,,,,
2307A,anhui,luan,116.521855,31.7337,19,1,,,,,
2308A,anhui,luan,116.483374,31.76157,19,1,,,,,
2309A,anhui,luan,116.521855,31.7337,19,1,,,,,
2310A,anhui,luan,116.555577,31.763617,19,1,,,,,
2311A,anhui,bozhou,115.778676,33.844582,12,1,,,,,
2312A,anhui,bozhou,115.784586,33.849268,12,1,,,,,
2313A,anhui,chizhou,117.491568,30.6648,24,1,,,,,
2314A,anhui,chizhou,117.4797465,30.6575797,24,1,,,,,
2315A,anhui,chizhou,117.5162669,30.6616136,24,1,,,,,
2316A,anhui,xuancheng,118.763986,30.941291,26,0,,,,,
2317A,anhui,xuancheng,118.745677,30.973202,26,1,,,,,
2318A,anhui,xuancheng,118.758588,30.94069,26,1,,,,,
2319A,fujian,putian,119.0201925,25.4315069,97,0,,,,,
2320A,fujian,putian,119.006536,25.45265,97,1,,,,,
2321A,fujian,putian,119.11629,25.45872,97,1,,,,,
2322A,fujian,putian,119.10562,25.318363,97,1,,,,,
2323A,fujian,putian,118.9499534,25.4839111,97,1,,,,,
2324A,fujian,sanming,117.63001,26.25473,93,0,,,,,
2325A,fujian,sanming,117.641295,26.268776,93,0,,,,,
2326A,fujian,sanming,117.608249,26.234237,93,0,,,,,
2327A,fujian,sanming,117.7322,26.307658,93,1,,,,,
2331A,fujian,nanping,118.125743,26.694338,94,1,,,,,
2332A,fujian,nanping,118.1723276,26.6353249,94,0,,,,,
2333A,fujian,nanping,139.391994,35.654556,94,1,,,,,
2334A,fujian,nanping,118.18012,26.623602,94,1,,,,,
2335A,fujian,longyan,117.017537,25.075123,96,1,,,,,
2336A,fujian,longyan,117.0262191,25.1004925,96,0,,,,,
2337A,fujian,longyan,117.017537,25.075123,96,1,,,,,
2338A,fujian,longyan,117.023062,25.029775,96,1,,,,,
2339A,fujian,ningde,119.500061,26.693318,95,1,,,,,
2340A,fujian,ningde,119.526713,26.665648,95,0,,,,,
2341A,fujian,ningde,119.543578,26.657648,95,0,,,,,
2342A,jiangxi,jingdezhen,117.17842,29.268836,1166,1,,,,,
2343A,jiangxi,jingdezhen,117.215834,29.2931951,1166,0,,,,,
2344A,jiangxi,jingdezhen,117.17842,29.268836,1166,0,,,,,
2345A,jiangxi,jingdezhen,117.17842,29.268836,1166,1,,,,,
2346A,jiangxi,jingdezhen,117.17842,29.268836,1166,1,,,,,
2347A,jiangxi,pingxiang,113.854556,27.622768,1159,1,,,,,
2348A,jiangxi,pingxiang,113.8424247,27.6399986,1159,0,,,,,
2349A,jiangxi,pingxiang,113.854556,27.622768,1159,0,,,,,
2350A,jiangxi,pingxiang,113.8734015,27.639807,1159,0,,,,,
2351A,jiangxi,pingxiang,113.8708294,27.6152009,1159,1,,,,,
2352A,jiangxi,xinyu,115.09781,27.923876,1161,1,,,,,
2353A,jiangxi,xinyu,114.9494771,27.826546,1161,1,,,,,
2354A,jiangxi,xinyu,114.917347,27.817809,1161,1,,,,,
2355A,jiangxi,xinyu,114.9350631,27.7999445,1161,0,,,,,
2356A,jiangxi,xinyu,114.917347,27.817809,1161,1,,,,,
2357A,jiangxi,yingtan,116.997973,28.068044,1169,1,,,,,
2358A,jiangxi,yingtan,117.069202,28.260189,1169,1,,,,,
2359A,jiangxi,yingtan,117.069202,28.260189,1169,1,,,,,
2360A,jiangxi,yingtan,117.0178837,28.2198234,1169,1,,,,,
2361A,jiangxi,yingtan,117.069202,28.260189,1169,1,,,,,
2362A,jiangxi,ganzhou,114.907363,25.920762,1163,1,,,,,
2363A,jiangxi,ganzhou,115.213382,24.943875,1163,1,,,,,
2364A,jiangxi,ganzhou,115.364916,26.340176,1163,0,,,,,
2365A,jiangxi,ganzhou,116.0203797,26.4733106,1163,0,,,,,
2366A,jiangxi,ganzhou,114.8952391,25.8470671,1163,1,,,,,
2367A,jiangxi,jian,114.992509,27.113443,1162,1,,,,,
2368A,jiangxi,jian,114.992509,27.113443,1162,0,,,,,
2369A,jiangxi,jian,114.9952528,27.1277917,1162,0,,,,,
2370A,jiangxi,jian,115.014755,27.082005,1162,1,,,,,
2371A,jiangxi,yichun,114.416778,27.815619,1160,1,,,,,
2372A,jiangxi,yichun,114.7905961,28.3891924,1160,0,,,,,
2373A,jiangxi,yichun,114.416778,27.815619,1160,0,,,,,
2374A,jiangxi,yichun,115.8170362,28.2063549,1160,0,,,,,
2375A,jiangxi,yichun,114.40644,27.80422,1160,1,,,,,
2376A,jiangxi,fuzhou,116.229603,28.075826,1167;1214,1,,,,,
2377A,jiangxi,fuzhou,116.354,27.9199,1167;1214,1,,,,,
2378A,jiangxi,fuzhou,116.358182,27.949217,1167;1214,1,,,,,
2379A,jiangxi,fuzhou,116.358182,27.949217,1167;1214,1,,,,,
2380A,jiangxi,fuzhou,116.388092,27.959095,1167;1214,1,,,,,
2381A,jiangxi,shangrao,117.943433,28.454863,1171,1,,,,,
2382A,jiangxi,shangrao,117.9783136,28.4424051,1171,0,,,,,
2383A,jiangxi,shangrao,117.943433,28.454863,1171,1,,,,,
2384A,jiangxi,shangrao,117.943433,28.454863,1171,1,,,,,
2385A,henan,hebi,114.3079831,35.7484612,671,1,,,,,
2386A,henan,hebi,114.301106,35.751666,671,1,,,,,
2387A,henan,hebi,114.293766,35.732157,671,0,,,,,
2388A,henan,xinxiang,113.9347956,35.282877,670,1,,,,,
2389A,henan,xinxiang,113.926975,35.302928,670,0,,,,,
2390A,henan,xinxiang,80.3920878,40.6509157,670,1,,,,,
2391A,henan,xinxiang,113.926975,35.302928,670,0,,,,,
2392A,henan,puyang,115.037793,35.76381,672,1,,,,,
2393A,henan,puyang,115.029216,35.761829,672,1,,,,,
2394A,henan,puyang,115.029216,35.761829,672,1,,,,,
2395A,henan,puyang,115.029216,35.761829,672,1,,,,,
2396A,henan,xuchang,113.832446,34.01289,675,0,,,,,
2397A,henan,xuchang,113.8211529,34.0343331,675,0,,,,,
2398A,henan,xuchang,113.3844876,33.7285173,675,1,,,,,
2399A,henan,luohe,114.016539,33.581413,679,1,,,,,
2400A,henan,luohe,114.011061,33.567736,679,1,,,,,
2401A,henan,luohe,113.9260599,33.8095819,679,1,,,,,
2402A,henan,luohe,113.594631,33.4376178,679,1,,,,,
2403A,henan,nanyang,112.3656831,32.5340887,678,1,,,,,
2404A,henan,nanyang,112.58962,33.338473,678,1,,,,,
2405A,henan,nanyang,112.502907,32.970171,678,1,,,,,
2406A,henan,nanyang,112.528322,32.990833,678,1,,,,,
2407A,henan,nanyang,112.546126,32.977371,678,1,,,,,
2408A,henan,shangqiu,115.65637,34.414172,683,1,,,,,
2409A,henan,shangqiu,116.139029,34.232064,683,1,,,,,
2410A,henan,shangqiu,115.634807,34.3931031,683,1,,,,,
2411A,henan,shangqiu,115.6615315,34.4533999,683,1,,,,,
2420A,henan,zhumadian,113.375587,32.50471,681,1,,,,,
2421A,henan,zhumadian,114.022298,33.011529,681,1,,,,,
2422A,henan,zhumadian,114.022298,33.011529,681,1,,,,,
2423A,hubei,huangshi,115.0733281,30.2305623,886,1,,,,,
2424A,hubei,huangshi,115.164435,29.784161,886,1,,,,,
2425A,hubei,huangshi,114.949274,30.175983,886,1,,,,,
2426A,hubei,huangshi,114.901412,30.206592,886,1,,,,,
2427A,hubei,huangshi,115.042412,30.200232,886,1,,,,,
2428A,hubei,shiyan,110.965526,32.537751,868,1,,,,,
2429A,hubei,shiyan,110.797991,32.629397,868,0,,,,,
2430A,hubei,shiyan,110.569667,32.895467,868,1,,,,,
2431A,hubei,shiyan,110.887983,32.568422,868,1,,,,,
2432A,hubei,xiangfan,112.1612199,32.017022,869,0,,,,,
2433A,hubei,xiangfan,112.1418411,32.0565549,869,1,,,,,
2434A,hubei,xiangfan,125.4474846,43.8970666,869,1,,,,,
2435A,hubei,xiangfan,112.1994915,32.0847957,869,1,,,,,
2436A,hubei,ezhou,114.906106,30.5458824,883,1,,,,,
2437A,hubei,ezhou,114.901783,30.370752,883,1,,,,,
2438A,hubei,ezhou,114.894843,30.39194,883,1,,,,,
2439A,hubei,jingmen,112.2062182,31.0450752,873,1,,,,,
2440A,hubei,jingmen,112.207833,30.973431,873,0,,,,,
2441A,hubei,jingmen,112.199265,31.035423,873,1,,,,,
2442A,hubei,jingmen,112.199708,31.035557,873,1,,,,,
2443A,hubei,xiaogan,113.9283877,30.9208291,880,1,,,,,
2444A,hubei,xiaogan,113.6925407,30.9172993,880,1,,,,,
2445A,hubei,huanggang,114.872316,30.453906,884,1,,,,,
2446A,hubei,huanggang,114.907468,30.471865,884,1,,,,,
2447A,hubei,xianning,114.576891,29.369029,885,1,,,,,
2448A,hubei,xianning,114.332396,29.821812,885,1,,,,,
2449A,hubei,xianning,114.298726,29.852899,885,1,,,,,
2450A,hubei,xianning,114.322492,29.841443,885,0,,,,,
2451A,hubei,suizhou,113.364901,31.72709,874,1,,,,,
2452A,hubei,suizhou,113.8219366,31.6156594,874,1,,,,,
2453A,hubei,suizhou,113.382458,31.690216,874,1,,,,,
2454A,hubei,enshizhou,109.50261,30.294519,876,1,,,,,
2455A,hubei,enshizhou,109.488172,30.272156,876,0,,,,,
2456A,hunan,hengyang,112.571997,26.893231,960,1,,,,,
2457A,hunan,hengyang,112.370532,26.969635,960,1,,,,,
2458A,hunan,hengyang,112.624412,26.891501,960,1,,,,,
2459A,hunan,hengyang,112.633239,26.861699,960,1,,,,,
2460A,hunan,hengyang,112.9480668,27.084209,960,0,,,,,
2461A,hunan,hengyang,112.571997,26.893231,960,1,,,,,
2462A,hunan,shaoyang,111.467791,27.238893,955,1,,,,,
2463A,hunan,shaoyang,110.318671,26.35134,955,1,,,,,
2464A,hunan,shaoyang,111.467791,27.238893,955,1,,,,,
2465A,hunan,shaoyang,111.467791,27.238893,955,1,,,,,
2466A,hunan,shaoyang,111.4555925,27.2318294,955,1,,,,,
2467A,hunan,yiyang,112.413445,28.682458,952,1,,,,,
2468A,hunan,yiyang,112.3546622,28.5955912,952,0,,,,,
2469A,hunan,yiyang,112.3500453,28.5563245,952,0,,,,,
2470A,hunan,yiyang,112.3408756,28.6018138,952,1,,,,,
2471A,hunan,yiyang,112.374024,28.579343,952,0,,,,,
2472A,hunan,chenzhou,113.013929,25.902554,961,1,,,,,
2473A,hunan,chenzhou,113.014718,25.77051,961,1,,,,,
2474A,hunan,chenzhou,113.0320934,25.7988648,961,0,,,,,
2475A,hunan,chenzhou,113.688093,25.5528413,961,1,,,,,
2476A,hunan,chenzhou,113.039932,25.773795,961,1,,,,,
2477A,hunan,yongzhou,111.628922,26.202202,959,1,,,,,
2478A,hunan,yongzhou,111.613445,26.420394,959,1,,,,,
2479A,hunan,yongzhou,111.6288921,26.2301131,959,0,,,,,
2480A,hunan,yongzhou,111.603918,26.432943,959,1,,,,,
2481A,hunan,yongzhou,111.603918,26.432943,959,1,,,,,
2482A,hunan,huaihua,109.5931865,26.7866046,953,1,,,,,
2483A,hunan,huaihua,109.9654617,27.5538031,953,1,,,,,
2484A,hunan,huaihua,109.711353,26.549253,953,1,,,,,
2485A,hunan,huaihua,110.001923,27.569517,953,1,,,,,
2486A,hunan,huaihua,109.9691202,27.5460534,953,0,,,,,
2487A,hunan,loudi,111.993497,27.700063,954,1,,,,,
2488A,hunan,loudi,111.329755,27.73366,954,1,,,,,
2489A,hunan,loudi,111.993497,27.700063,954,1,,,,,
2490A,hunan,loudi,111.9809875,27.7485502,954,1,,,,,
2491A,hunan,loudi,112.0109574,27.7230496,954,1,,,,,
2492A,hunan,xiangxizhou,109.739172,28.311948,NA,2,,,,,
2493A,hunan,xiangxizhou,109.7392413,28.3119426,NA,2,,,,,
2494A,hunan,xiangxizhou,109.7002403,28.2639351,NA,2,,,,,
2495A,guangxi,wuzhou,111.2959974,23.4771708,334,0,,,,,
2496A,guangxi,wuzhou,111.279115,23.476963,334,0,,,,,
2497A,guangxi,wuzhou,111.246035,23.40996,334,1,,,,,
2498A,guangxi,wuzhou,111.2391354,23.4677872,334,1,,,,,
2499A,guangxi,fangchenggang,108.348772,21.6103913,338,0,,,,,
2500A,guangxi,fangchenggang,108.3555035,21.7621235,338,1,,,,,
2501A,guangxi,fangchenggang,108.35375,21.63864,338,0,,,,,
2502A,guangxi,qinzhou,108.353,21.626845,337,1,,,,,
2503A,guangxi,qinzhou,108.654147,21.979934,337,1,,,,,
2504A,guangxi,qinzhou,108.654147,21.979934,337,1,,,,,
2505A,guangxi,guigang,109.598927,23.111531,333,1,,,,,
2506A,guangxi,guigang,109.598927,23.111531,333,1,,,,,
2507A,guangxi,guigang,109.598927,23.111531,333,1,,,,,
2508A,guangxi,guigang,109.598927,23.111531,333,1,,,,,
2509A,guangxi,yulin,110.112908,22.707256,336,1,,,,,
2510A,guangxi,yulin,110.1421612,22.6371309,336,0,,,,,
2511A,guangxi,yulin,110.1472924,22.6126292,336,1,,,,,
2512A,guangxi,baise,106.613743,23.898017,330,0,,,,,
2513A,guangxi,baise,106.656389,23.881964,330,1,,,,,
2514A,guangxi,hezhou,111.566694,24.403582,329,0,,,,,
2515A,guangxi,hezhou,111.566694,24.403582,329,1,,,,,
2516A,guangxi,hechi,108.2135197,24.7119787,327,1,,,,,
2517A,guangxi,hechi,108.085261,24.692931,327,0,,,,,
2518A,guangxi,hechi,108.085261,24.692931,327,0,,,,,
2519A,guangxi,laibin,109.236527,23.732389,332,0,,,,,
2520A,guangxi,laibin,109.221466,23.750306,332,1,,,,,
2521A,guangxi,chongzuo,107.364711,22.376533,335,0,,,,,
2522A,guangxi,chongzuo,107.0774412,22.1329985,335,1,,,,,
2523A,sichuan,guangyuan,105.775563,31.88492,1836,1,,,,,
2524A,sichuan,guangyuan,105.859619,32.419036,1836,1,,,,,
2525A,sichuan,guangyuan,106.364903,32.232529,1836,1,,,,,
2526A,sichuan,guangyuan,105.8423048,32.4322634,1836,1,,,,,
2527A,sichuan,suining,105.592898,30.532847,1839,1,,,,,
2528A,sichuan,suining,105.3802551,30.8790001,1839,0,,,,,
2529A,sichuan,suining,105.3824321,30.8649217,1839,1,,,,,
2530A,sichuan,suining,105.592898,30.532847,1839,1,,,,,
2531A,sichuan,neijiang,105.2914199,29.3439764,1842,0,,,,,
2532A,sichuan,neijiang,105.074849,29.592482,1842,1,,,,,
2533A,sichuan,neijiang,105.068322,29.578733,1842,0,,,,,
2534A,sichuan,neijiang,105.043247,29.578492,1842,0,,,,,
2535A,sichuan,leshan,103.7715369,29.5441309,1830,1,,,,,
2536A,sichuan,leshan,103.760808,29.577653,1830,1,,,,,
2537A,sichuan,leshan,125.302328,43.572881,1830,1,,,,,
2538A,sichuan,leshan,103.4774701,29.6020246,1830,0,,,,,
2539A,sichuan,meishan,103.848538,30.07544,1831,1,,,,,
2540A,sichuan,meishan,103.843894,30.084701,1831,0,,,,,
2541A,sichuan,meishan,103.853083,30.064828,1831,1,,,,,
2542A,sichuan,meishan,103.8362428,30.0592043,1831,1,,,,,
2543A,sichuan,guangan,106.633212,30.455962,1841,1,,,,,
2544A,sichuan,guangan,106.781862,30.389591,1841,0,,,,,
2545A,sichuan,guangan,106.6316765,30.4630999,1841,0,,,,,
2546A,sichuan,guangan,106.6444243,30.4826115,1841,0,,,,,
2547A,sichuan,guangan,106.641624,30.452745,1841,0,,,,,
2548A,sichuan,dazhou,107.468023,31.209572,NA,2,,,,,
2549A,sichuan,dazhou,107.8703273,31.0800542,NA,2,,,,,
2550A,sichuan,dazhou,107.500813,31.211744,NA,2,,,,,
2551A,sichuan,dazhou,107.468023,31.209572,NA,2,,,,,
2552A,sichuan,dazhou,107.4671382,31.2084067,NA,2,,,,,
2553A,sichuan,yaan,103.066765,29.998083,1827,1,,,,,
2554A,sichuan,yaan,103.013261,29.980537,1827,1,,,,,
2555A,sichuan,yaan,103.3000695,30.4519674,1827,1,,,,,
2556A,sichuan,yaan,102.9954294,29.9772226,1827,0,,,,,
2557A,sichuan,bazhong,106.760247,31.844538,1837,0,,,,,
2558A,sichuan,bazhong,106.742955,31.868817,1837,1,,,,,
2559A,sichuan,bazhong,106.725576,31.850044,1837,0,,,,,
2560A,sichuan,bazhong,106.7657,31.843394,1837,0,,,,,
2561A,sichuan,ziyang,104.664403,30.134438,1828,1,,,,,
2562A,sichuan,ziyang,104.6390381,30.1482239,1828,0,,,,,
2563A,sichuan,ziyang,104.635471,30.134636,1828,0,,,,,
2564A,sichuan,ziyang,104.648496,30.111916,1828,0,,,,,
2565A,sichuan,ziyang,104.632053,30.123462,1828,0,,,,,
2566A,sichuan,abazhou,102.224653,31.899413,1824,1,,,,,
2567A,sichuan,abazhou,102.2228516,31.9007541,1824,1,,,,,
2568A,sichuan,abazhou,102.224653,31.899413,1824,1,,,,,
2569A,sichuan,ganzizhou,101.962735,30.047186,1823,1,,,,,
2570A,sichuan,ganzizhou,101.962311,30.04952,1823,1,,,,,
2571A,sichuan,liangshanzhou,102.34617,27.802967,1573,1,,,,,
2572A,sichuan,liangshanzhou,102.27139,27.838142,1573,1,,,,,
2573A,sichuan,liangshanzhou,102.2645537,27.8944962,1573,1,,,,,
2574A,sichuan,liangshanzhou,102.2595465,27.8722907,1573,1,,,,,
2575A,sichuan,liangshanzhou,102.236163,27.891158,1573,1,,,,,
2576A,guizhou,liupanshui,104.918034,25.901524,NA,2,,,,,
2577A,guizhou,liupanshui,104.826059,26.597809,NA,2,,,,,
2578A,guizhou,liupanshui,104.888896,26.594365,NA,2,,,,,
2579A,guizhou,liupanshui,104.830359,26.592666,NA,2,,,,,
2580A,guizhou,liupanshui,104.959074,26.538006,NA,2,,,,,
2581A,guizhou,anshun,105.947594,26.253072,421,1,,,,,
2582A,guizhou,anshun,106.087682,25.754001,421,1,,,,,
2583A,guizhou,anshun,105.947594,26.253072,421,1,,,,,
2584A,guizhou,anshun,105.947594,26.253072,421,1,,,,,
2585A,guizhou,tongrendiqu,109.189598,27.731515,419,1,,,,,
2586A,guizhou,tongrendiqu,108.1218705,28.2591996,419,0,,,,,
2587A,guizhou,bijie,105.289472,27.31022,417,1,,,,,
2588A,guizhou,bijie,105.291644,27.283955,417,1,,,,,
2589A,guizhou,qianxinanzhou,104.906397,25.087825,420,1,,,,,
2590A,guizhou,qianxinanzhou,104.8702843,25.0999958,420,1,,,,,
2591A,guizhou,qiandongnanzhou,108.9054771,25.7335124,NA,2,,,,,
2592A,guizhou,qiandongnanzhou,107.982859,26.583442,NA,2,,,,,
2593A,guizhou,qiannanzhou,106.636088,26.436911,NA,2,,,,,
2594A,yunnan,baoshan,99.18348,24.727498,2171,0,,,,,
2595A,yunnan,baoshan,99.1683578,25.1054757,2171,1,,,,,
2596A,yunnan,zhaotong,103.706848,27.336048,2169,0,,,,,
2597A,yunnan,zhaotong,103.5574285,27.1878451,2169,0,,,,,
2598A,yunnan,lijiang,100.227751,26.855047,2170,1,,,,,
2599A,yunnan,lijiang,100.2320491,26.8667274,2170,1,,,,,
2600A,yunnan,lijiang,99.942406,26.995324,2170,0,,,,,
2601A,yunnan,simao,100.9811378,22.760342,2179,0,,,,,
2602A,yunnan,simao,100.983689,22.769724,2179,1,,,,,
2603A,yunnan,lincang,98.829105,23.762435,2177,1,,,,,
2604A,yunnan,lincang,100.089344,23.880161,2177,0,,,,,
2605A,yunnan,chuxiongzhou,101.54938,25.041078,2173,1,,,,,
2606A,yunnan,chuxiongzhou,101.5174272,25.0518344,2173,1,,,,,
2607A,yunnan,honghezhou,103.312929,23.459866,2180,1,,,,,
2608A,yunnan,honghezhou,103.374799,23.36313,2180,1,,,,,
2609A,yunnan,honghezhou,103.3988617,23.3633117,2180,1,,,,,
2610A,yunnan,wenshanzhou,104.255684,23.3566288,2181,0,,,,,
2611A,yunnan,wenshanzhou,104.7019564,23.1378747,2181,1,,,,,
2612A,yunnan,xishuangbannazhou,100.787163,21.986433,NA,2,,,,,
2613A,yunnan,xishuangbannazhou,100.811567,22.014411,NA,2,,,,,
2614A,yunnan,dalizhou,100.217316,25.577859,2172,1,,,,,
2615A,yunnan,dalizhou,100.161962,25.689129,2172,1,,,,,
2616A,yunnan,dehongzhou,98.550827,24.418895,NA,2,,,,,
2617A,yunnan,dehongzhou,98.577976,24.43808,NA,2,,,,,
2618A,yunnan,nujiangzhou,98.860431,25.853281,NA,2,,,,,
2619A,yunnan,nujiangzhou,98.8564992,25.8393909,NA,2,,,,,
2620A,yunnan,diqingzhou,100.225696,26.877131,NA,2,,,,,
2621A,yunnan,diqingzhou,99.7069393,27.8281637,NA,2,,,,,
2622A,xizang,changdudiqu,97.180437,31.138507,2001,1,,,,,
2623A,xizang,changdudiqu,97.180437,31.138507,2001,1,,,,,
2624A,xizang,shannandiqu,91.773134,29.237137,NA,2,,,,,
2625A,xizang,shannandiqu,91.773134,29.237137,NA,2,,,,,
2626A,xizang,rikazediqu,88.88727,29.270389,1999,1,,,,,
2627A,xizang,rikazediqu,88.88727,29.270389,1999,1,,,,,
2628A,xizang,naqudiqu,91.990373,31.443267,1997,1,,,,,
2629A,xizang,naqudiqu,92.0520726,31.4717443,1997,1,,,,,
2630A,xizang,alidiqu,80.105804,32.501111,NA,2,,,,,
2631A,xizang,alidiqu,80.105804,32.501111,NA,2,,,,,
2632A,xizang,linzhidiqu,94.361095,29.636576,2002,1,,,,,
2633A,xizang,linzhidiqu,94.361095,29.636576,2002,0,,,,,
2634A,shaanxi,hanzhong,107.023323,33.06748,1720,1,,,,,
2635A,shaanxi,hanzhong,107.7581599,32.9905185,1720,1,,,,,
2636A,shaanxi,hanzhong,107.023323,33.06748,1720,0,,,,,
2637A,shaanxi,hanzhong,107.028603,33.045263,1720,0,,,,,
2638A,shaanxi,yulin,109.734589,38.28539,1714,1,,,,,
2639A,shaanxi,yulin,109.751562,38.291779,1714,0,,,,,
2640A,shaanxi,yulin,110.168797,37.116396,1714,0,,,,,
2641A,shaanxi,yulin,109.734589,38.28539,1714,1,,,,,
2642A,shaanxi,ankang,109.0367943,32.6647017,1722,1,,,,,
2643A,shaanxi,ankang,109.029022,32.684715,1722,0,,,,,
2644A,shaanxi,ankang,109.012102,32.695108,1722,1,,,,,
2645A,shaanxi,shangluo,109.8826523,33.5292071,1721,1,,,,,
2646A,shaanxi,shangluo,109.940477,33.870422,1721,1,,,,,
2647A,gansu,baiyin,104.138586,36.545015,167,0,,,,,
2648A,gansu,baiyin,104.138586,36.545015,167,0,,,,,
2649A,gansu,tianshui,106.048172,34.378804,172,1,,,,,
2650A,gansu,tianshui,105.7271925,34.5783345,172,0,,,,,
2651A,gansu,tianshui,105.725773,34.580823,172,0,,,,,
2652A,gansu,wuwei,102.6215171,37.9255224,166,1,,,,,
2653A,gansu,wuwei,102.6378845,37.9421975,166,1,,,,,
2654A,gansu,zhangye,100.470014,38.947328,165,1,,,,,
2655A,gansu,zhangye,100.449818,38.925875,165,1,,,,,
2656A,gansu,pingliang,106.6715202,35.5416702,NA,2,,,,,
2657A,gansu,pingliang,106.705467,35.530348,NA,2,,,,,
2658A,gansu,jiuquan,98.5086548,39.7461265,164,0,,,,,
2659A,gansu,jiuquan,98.494352,39.732819,164,0,,,,,
2660A,gansu,qingyang,107.644228,35.709001,76,1,,,,,
2661A,gansu,qingyang,107.643631,35.709077,76,0,,,,,
2662A,gansu,qingyang,107.644228,35.709001,76,1,,,,,
2663A,gansu,dingxi,104.626282,35.580663,NA,2,,,,,
2664A,gansu,dingxi,104.626282,35.580663,NA,2,,,,,
2665A,gansu,longnan,104.921841,33.400685,NA,2,,,,,
2666A,gansu,longnan,104.9336076,33.3841231,NA,2,,,,,
2667A,gansu,linxiazhou,103.202639,35.594487,168,0,,,,,
2668A,gansu,linxiazhou,103.210539,35.601182,168,1,,,,,
2669A,gansu,gannanzhou,102.911027,34.983386,789,1,,,,,
2670A,qinghai,haidongdiqu,102.1061697,36.4981971,NA,2,,,,,
2671A,qinghai,haibeizhou,100.902974,36.957869,NA,2,,,,,
2672A,qinghai,huangnanzhou,102.014826,35.508728,NA,2,,,,,
2673A,qinghai,hainanzhou,100.621095,36.275147,NA,2,,,,,
2674A,qinghai,guoluozhou,100.239236,34.478645,NA,2,,,,,
2675A,qinghai,yushuzhou,97.008785,32.993107,1446,1,,,,,
2676A,qinghai,haixizhou,97.360985,37.369436,NA,2,,,,,
2677A,ningxia,wuzhong,106.198394,37.997461,1421,1,,,,,
2678A,ningxia,wuzhong,106.2098479,37.9826113,1421,1,,,,,
2679A,ningxia,wuzhong,106.198394,37.997461,1421,1,,,,,
2680A,ningxia,zhongwei,105.190536,37.514564,1422,1,,,,,
2681A,ningxia,zhongwei,105.196902,37.499973,1422,1,,,,,
2682A,ningxia,zhongwei,105.196902,37.499973,1422,0,,,,,
2683A,ningxia,guyuan,106.248894,36.130685,1423,1,,,,,
2684A,ningxia,guyuan,106.2870511,36.0079921,1423,1,,,,,
2685A,ningxia,guyuan,105.7293939,35.5191871,1423,1,,,,,
2686A,xinjiang,tulufandiqu,89.1852638,42.9471026,2080,1,,,,,
2687A,xinjiang,tulufandiqu,89.1714009,42.9566123,2080,1,,,,,
2688A,xinjiang,hamidiqu,93.5182121,42.8206586,2087,0,,,,,
2689A,xinjiang,hamidiqu,93.514797,42.827255,2087,0,,,,,
2690A,xinjiang,changjizhou,87.6152174,43.7816197,2077,1,,,,,
2691A,xinjiang,changjizhou,87.31188,44.011686,2077,0,,,,,
2692A,xinjiang,changjizhou,87.2786421,44.0277582,2077,1,,,,,
2693A,xinjiang,bozhou,82.064723,44.906908,NA,2,,,,,
2694A,xinjiang,bozhou,118.099458,36.961781,NA,2,,,,,
2695A,xinjiang,akesudiqu,80.2561747,41.1701198,2081,2,,,,,
2696A,xinjiang,akesudiqu,80.260605,41.168779,2081,2,,,,,
2697A,xinjiang,kezilesuzhou,75.2590547,39.7192202,NA,2,,,,,
2698A,xinjiang,kashidiqu,75.989755,39.4704,2084,1,,,,,
2699A,xinjiang,kashidiqu,75.9838626,39.4706984,2084,1,,,,,
2700A,xinjiang,kashidiqu,76.725928,39.486962,2084,0,,,,,
2701A,xinjiang,hetiandiqu,79.9142276,37.123389,2086,1,,,,,
2702A,xinjiang,hetiandiqu,79.92445,37.088083,2086,1,,,,,
2703A,xinjiang,yilihasakezhou,84.896792,44.408479,NA,2,,,,,
2704A,xinjiang,yilihasakezhou,81.324136,43.916823,NA,2,,,,,
2705A,xinjiang,yilihasakezhou,81.324136,43.916823,NA,2,,,,,
2706A,xinjiang,tachengdiqu,82.980317,46.745364,2072,1,,,,,
2707A,xinjiang,aletaidiqu,88.140143,47.844019,2071,1,,,,,
2708A,xinjiang,aletaidiqu,87.769919,47.334249,2071,1,,,,,
2709A,xinjiang,shihezi,86.038484,44.297693,2075,0,,,,,
2710A,xinjiang,shihezi,86.080602,44.306097,2075,0,,,,,
2711A,xinjiang,wujiaqu,87.54324,44.166757,NA,2,,,,,
